refDes,week,pct_science
CE02SHBP-LJ01D-05-ADCPTB104,2026-04-06,100.0
CE02SHBP-LJ01D-05-ADCPTB104,2026-04-13,100.0
CE02SHBP-LJ01D-05-ADCPTB104,2026-04-20,100.0
CE02SHBP-LJ01D-05-ADCPTB104,2026-04-27,100.0
CE02SHBP-LJ01D-05-ADCPTB104,2026-05-04,100.0
CE02SHBP-LJ01D-05-ADCPTB104,2026-05-11,100.0
CE02SHBP-LJ01D-05-ADCPTB104,2026-05-18,100.0
CE02SHBP-LJ01D-05-ADCPTB104,2026-05-25,100.0
CE02SHBP-LJ01D-05-ADCPTB104,2026-06-01,100.0
CE02SHBP-LJ01D-05-ADCPTB104,2026-06-08,100.0
CE02SHBP-LJ01D-05-ADCPTB104,2026-06-15,100.0
CE02SHBP-LJ01D-05-ADCPTB104,2026-06-22,100.0
CE02SHBP-LJ01D-05-ADCPTB104,2026-06-29,100.0
CE02SHBP-LJ01D-05-ADCPTB104,2026-07-06,100.0
CE02SHBP-LJ01D-05-ADCPTB104,2026-07-13,100.0
CE02SHBP-LJ01D-05-ADCPTB104,2026-07-20,100.0
CE02SHBP-LJ01D-05-ADCPTB104,2026-07-27,100.0
CE02SHBP-LJ01D-07-VEL3DC108,2026-04-06,87.5
CE02SHBP-LJ01D-07-VEL3DC108,2026-04-13,87.5
CE02SHBP-LJ01D-07-VEL3DC108,2026-04-20,87.5
CE02SHBP-LJ01D-07-VEL3DC108,2026-04-27,87.5
CE02SHBP-LJ01D-07-VEL3DC108,2026-05-04,87.5
CE02SHBP-LJ01D-07-VEL3DC108,2026-05-11,87.5
CE02SHBP-LJ01D-07-VEL3DC108,2026-05-18,87.5
CE02SHBP-LJ01D-07-VEL3DC108,2026-05-25,87.5
CE02SHBP-LJ01D-07-VEL3DC108,2026-06-01,87.5
CE02SHBP-LJ01D-07-VEL3DC108,2026-06-08,87.5
CE02SHBP-LJ01D-07-VEL3DC108,2026-06-15,87.5
CE02SHBP-LJ01D-07-VEL3DC108,2026-06-22,87.5
CE02SHBP-LJ01D-07-VEL3DC108,2026-06-29,87.5
CE02SHBP-LJ01D-07-VEL3DC108,2026-07-06,87.5
CE02SHBP-LJ01D-07-VEL3DC108,2026-07-13,87.5
CE02SHBP-LJ01D-07-VEL3DC108,2026-07-20,87.5
CE02SHBP-LJ01D-07-VEL3DC108,2026-07-27,87.5
CE02SHBP-LJ01D-09-PCO2WB103,2026-04-06,100.0
CE02SHBP-LJ01D-09-PCO2WB103,2026-04-13,100.0
CE02SHBP-LJ01D-09-PCO2WB103,2026-04-20,100.0
CE02SHBP-LJ01D-09-PCO2WB103,2026-04-27,100.0
CE02SHBP-LJ01D-09-PCO2WB103,2026-05-04,100.0
CE02SHBP-LJ01D-09-PCO2WB103,2026-05-11,100.0
CE02SHBP-LJ01D-09-PCO2WB103,2026-05-18,100.0
CE02SHBP-LJ01D-09-PCO2WB103,2026-05-25,100.0
CE02SHBP-LJ01D-09-PCO2WB103,2026-06-01,100.0
CE02SHBP-LJ01D-09-PCO2WB103,2026-06-08,100.0
CE02SHBP-LJ01D-09-PCO2WB103,2026-06-15,100.0
CE02SHBP-LJ01D-09-PCO2WB103,2026-06-22,100.0
CE02SHBP-LJ01D-09-PCO2WB103,2026-06-29,100.0
CE02SHBP-LJ01D-09-PCO2WB103,2026-07-06,100.0
CE02SHBP-LJ01D-09-PCO2WB103,2026-07-13,100.0
CE02SHBP-LJ01D-09-PCO2WB103,2026-07-20,100.0
CE02SHBP-LJ01D-09-PCO2WB103,2026-07-27,100.0
CE04OSBP-LJ01C-06-CTDBPO108,2026-04-06,100.0
CE04OSBP-LJ01C-06-CTDBPO108,2026-04-13,100.0
CE04OSBP-LJ01C-06-CTDBPO108,2026-04-20,100.0
CE04OSBP-LJ01C-06-CTDBPO108,2026-04-27,100.0
CE04OSBP-LJ01C-06-CTDBPO108,2026-05-04,100.0
CE04OSBP-LJ01C-06-CTDBPO108,2026-05-11,100.0
CE04OSBP-LJ01C-06-CTDBPO108,2026-05-18,100.0
CE04OSBP-LJ01C-06-CTDBPO108,2026-05-25,100.0
CE04OSBP-LJ01C-06-CTDBPO108,2026-06-01,100.0
CE04OSBP-LJ01C-06-CTDBPO108,2026-06-08,100.0
CE04OSBP-LJ01C-06-CTDBPO108,2026-06-15,100.0
CE04OSBP-LJ01C-06-CTDBPO108,2026-06-22,100.0
CE04OSBP-LJ01C-06-CTDBPO108,2026-06-29,100.0
CE04OSBP-LJ01C-06-CTDBPO108,2026-07-06,100.0
CE04OSBP-LJ01C-06-CTDBPO108,2026-07-13,100.0
CE04OSBP-LJ01C-06-CTDBPO108,2026-07-20,100.0
CE04OSBP-LJ01C-06-CTDBPO108,2026-07-27,100.0
CE04OSBP-LJ01C-07-VEL3DC107,2026-04-06,87.5
CE04OSBP-LJ01C-07-VEL3DC107,2026-04-13,87.5
CE04OSBP-LJ01C-07-VEL3DC107,2026-04-20,87.5
CE04OSBP-LJ01C-07-VEL3DC107,2026-04-27,87.5
CE04OSBP-LJ01C-07-VEL3DC107,2026-05-04,87.5
CE04OSBP-LJ01C-07-VEL3DC107,2026-05-11,87.5
CE04OSBP-LJ01C-07-VEL3DC107,2026-05-18,87.5
CE04OSBP-LJ01C-07-VEL3DC107,2026-05-25,87.5
CE04OSBP-LJ01C-07-VEL3DC107,2026-06-01,87.5
CE04OSBP-LJ01C-07-VEL3DC107,2026-06-08,87.5
CE04OSBP-LJ01C-07-VEL3DC107,2026-06-15,87.5
CE04OSBP-LJ01C-07-VEL3DC107,2026-06-22,87.5
CE04OSBP-LJ01C-07-VEL3DC107,2026-06-29,87.5
CE04OSBP-LJ01C-07-VEL3DC107,2026-07-06,87.5
CE04OSBP-LJ01C-07-VEL3DC107,2026-07-13,87.5
CE04OSBP-LJ01C-07-VEL3DC107,2026-07-20,87.5
CE04OSBP-LJ01C-07-VEL3DC107,2026-07-27,87.5
CE04OSBP-LJ01C-09-PCO2WB104,2026-04-06,100.0
CE04OSBP-LJ01C-09-PCO2WB104,2026-04-13,100.0
CE04OSBP-LJ01C-09-PCO2WB104,2026-04-20,100.0
CE04OSBP-LJ01C-09-PCO2WB104,2026-04-27,100.0
CE04OSBP-LJ01C-09-PCO2WB104,2026-05-04,100.0
CE04OSBP-LJ01C-09-PCO2WB104,2026-05-11,100.0
CE04OSBP-LJ01C-09-PCO2WB104,2026-05-18,100.0
CE04OSBP-LJ01C-09-PCO2WB104,2026-05-25,100.0
CE04OSBP-LJ01C-09-PCO2WB104,2026-06-01,100.0
CE04OSBP-LJ01C-09-PCO2WB104,2026-06-08,100.0
CE04OSBP-LJ01C-09-PCO2WB104,2026-06-15,100.0
CE04OSBP-LJ01C-09-PCO2WB104,2026-06-22,100.0
CE04OSBP-LJ01C-09-PCO2WB104,2026-06-29,100.0
CE04OSBP-LJ01C-09-PCO2WB104,2026-07-06,100.0
CE04OSBP-LJ01C-09-PCO2WB104,2026-07-13,100.0
CE04OSBP-LJ01C-09-PCO2WB104,2026-07-20,100.0
CE04OSBP-LJ01C-09-PCO2WB104,2026-07-27,100.0
CE04OSBP-LJ01C-10-PHSEND107,2026-04-06,94.2
CE04OSBP-LJ01C-10-PHSEND107,2026-04-13,91.7
CE04OSBP-LJ01C-10-PHSEND107,2026-04-20,92.9
CE04OSBP-LJ01C-10-PHSEND107,2026-04-27,94.6
CE04OSBP-LJ01C-10-PHSEND107,2026-05-04,96.4
CE04OSBP-LJ01C-10-PHSEND107,2026-05-11,89.9
CE04OSBP-LJ01C-10-PHSEND107,2026-05-18,93.9
CE04OSBP-LJ01C-10-PHSEND107,2026-05-25,94.6
CE04OSBP-LJ01C-10-PHSEND107,2026-06-01,88.7
CE04OSBP-LJ01C-10-PHSEND107,2026-06-08,95.8
CE04OSBP-LJ01C-10-PHSEND107,2026-06-15,92.3
CE04OSBP-LJ01C-10-PHSEND107,2026-06-22,91.7
CE04OSBP-LJ01C-10-PHSEND107,2026-06-29,92.3
CE04OSBP-LJ01C-10-PHSEND107,2026-07-06,92.9
CE04OSBP-LJ01C-10-PHSEND107,2026-07-13,91.1
CE04OSBP-LJ01C-10-PHSEND107,2026-07-20,93.5
CE04OSBP-LJ01C-10-PHSEND107,2026-07-27,79.2
CE04OSPS-PC01B-4A-CTDPFA109,2026-04-06,100.0
CE04OSPS-PC01B-4A-CTDPFA109,2026-04-13,100.0
CE04OSPS-PC01B-4A-CTDPFA109,2026-04-20,100.0
CE04OSPS-PC01B-4A-CTDPFA109,2026-04-27,100.0
CE04OSPS-PC01B-4A-CTDPFA109,2026-05-04,100.0
CE04OSPS-PC01B-4A-CTDPFA109,2026-05-11,100.0
CE04OSPS-PC01B-4A-CTDPFA109,2026-05-18,100.0
CE04OSPS-PC01B-4A-CTDPFA109,2026-05-25,100.0
CE04OSPS-PC01B-4A-CTDPFA109,2026-06-01,100.0
CE04OSPS-PC01B-4A-CTDPFA109,2026-06-08,100.0
CE04OSPS-PC01B-4A-CTDPFA109,2026-06-15,100.0
CE04OSPS-PC01B-4A-CTDPFA109,2026-06-22,100.0
CE04OSPS-PC01B-4A-CTDPFA109,2026-06-29,100.0
CE04OSPS-PC01B-4A-CTDPFA109,2026-07-06,100.0
CE04OSPS-PC01B-4A-CTDPFA109,2026-07-13,100.0
CE04OSPS-PC01B-4A-CTDPFA109,2026-07-20,100.0
CE04OSPS-PC01B-4A-CTDPFA109,2026-07-27,100.0
CE04OSPS-PC01B-4D-PCO2WA105,2026-04-06,100.0
CE04OSPS-PC01B-4D-PCO2WA105,2026-04-13,100.0
CE04OSPS-PC01B-4D-PCO2WA105,2026-04-20,100.0
CE04OSPS-PC01B-4D-PCO2WA105,2026-04-27,100.0
CE04OSPS-PC01B-4D-PCO2WA105,2026-05-04,100.0
CE04OSPS-PC01B-4D-PCO2WA105,2026-05-11,100.0
CE04OSPS-PC01B-4D-PCO2WA105,2026-05-18,100.0
CE04OSPS-PC01B-4D-PCO2WA105,2026-05-25,100.0
CE04OSPS-PC01B-4D-PCO2WA105,2026-06-01,100.0
CE04OSPS-PC01B-4D-PCO2WA105,2026-06-08,100.0
CE04OSPS-PC01B-4D-PCO2WA105,2026-06-15,100.0
CE04OSPS-PC01B-4D-PCO2WA105,2026-06-22,100.0
CE04OSPS-PC01B-4D-PCO2WA105,2026-06-29,100.0
CE04OSPS-PC01B-4D-PCO2WA105,2026-07-06,100.0
CE04OSPS-PC01B-4D-PCO2WA105,2026-07-13,100.0
CE04OSPS-PC01B-4D-PCO2WA105,2026-07-20,100.0
CE04OSPS-PC01B-4D-PCO2WA105,2026-07-27,100.0
CE04OSPS-SF01B-2A-CTDPFA107,2026-04-06,100.0
CE04OSPS-SF01B-2A-CTDPFA107,2026-04-13,100.0
CE04OSPS-SF01B-2A-CTDPFA107,2026-04-20,100.0
CE04OSPS-SF01B-2A-CTDPFA107,2026-04-27,100.0
CE04OSPS-SF01B-2A-CTDPFA107,2026-05-04,100.0
CE04OSPS-SF01B-2A-CTDPFA107,2026-05-11,100.0
CE04OSPS-SF01B-2A-CTDPFA107,2026-05-18,100.0
CE04OSPS-SF01B-2A-CTDPFA107,2026-05-25,100.0
CE04OSPS-SF01B-2A-CTDPFA107,2026-06-01,100.0
CE04OSPS-SF01B-2A-CTDPFA107,2026-06-08,100.0
CE04OSPS-SF01B-2A-CTDPFA107,2026-06-15,100.0
CE04OSPS-SF01B-2A-CTDPFA107,2026-06-22,100.0
CE04OSPS-SF01B-2A-CTDPFA107,2026-06-29,100.0
CE04OSPS-SF01B-2A-CTDPFA107,2026-07-06,100.0
CE04OSPS-SF01B-2A-CTDPFA107,2026-07-13,98.5
CE04OSPS-SF01B-2A-CTDPFA107,2026-07-20,100.0
CE04OSPS-SF01B-2A-CTDPFA107,2026-07-27,100.0
CE04OSPS-SF01B-2B-PHSENA108,2026-04-06,20.9
CE04OSPS-SF01B-2B-PHSENA108,2026-04-13,20.6
CE04OSPS-SF01B-2B-PHSENA108,2026-04-20,26.0
CE04OSPS-SF01B-2B-PHSENA108,2026-04-27,28.6
CE04OSPS-SF01B-2B-PHSENA108,2026-05-04,22.5
CE04OSPS-SF01B-2B-PHSENA108,2026-05-11,20.0
CE04OSPS-SF01B-2B-PHSENA108,2026-05-18,13.6
CE04OSPS-SF01B-2B-PHSENA108,2026-05-25,18.8
CE04OSPS-SF01B-2B-PHSENA108,2026-06-01,24.7
CE04OSPS-SF01B-2B-PHSENA108,2026-06-08,23.2
CE04OSPS-SF01B-2B-PHSENA108,2026-06-15,19.1
CE04OSPS-SF01B-2B-PHSENA108,2026-06-22,27.3
CE04OSPS-SF01B-2B-PHSENA108,2026-06-29,27.3
CE04OSPS-SF01B-2B-PHSENA108,2026-07-06,31.6
CE04OSPS-SF01B-2B-PHSENA108,2026-07-13,33.2
CE04OSPS-SF01B-2B-PHSENA108,2026-07-20,37.7
CE04OSPS-SF01B-2B-PHSENA108,2026-07-27,30.3
CE04OSPS-SF01B-3A-FLORTD104,2026-04-06,76.5
CE04OSPS-SF01B-3A-FLORTD104,2026-04-13,73.4
CE04OSPS-SF01B-3A-FLORTD104,2026-04-20,75.1
CE04OSPS-SF01B-3A-FLORTD104,2026-04-27,73.8
CE04OSPS-SF01B-3A-FLORTD104,2026-05-04,73.5
CE04OSPS-SF01B-3A-FLORTD104,2026-05-11,73.4
CE04OSPS-SF01B-3A-FLORTD104,2026-05-18,68.9
CE04OSPS-SF01B-3A-FLORTD104,2026-05-25,65.0
CE04OSPS-SF01B-3A-FLORTD104,2026-06-01,67.4
CE04OSPS-SF01B-3A-FLORTD104,2026-06-08,69.9
CE04OSPS-SF01B-3A-FLORTD104,2026-06-15,70.1
CE04OSPS-SF01B-3A-FLORTD104,2026-06-22,67.7
CE04OSPS-SF01B-3A-FLORTD104,2026-06-29,70.6
CE04OSPS-SF01B-3A-FLORTD104,2026-07-06,68.0
CE04OSPS-SF01B-3A-FLORTD104,2026-07-13,69.6
CE04OSPS-SF01B-3A-FLORTD104,2026-07-20,72.2
CE04OSPS-SF01B-3A-FLORTD104,2026-07-27,73.2
CE04OSPS-SF01B-3C-PARADA102,2026-04-06,23.6
CE04OSPS-SF01B-3C-PARADA102,2026-04-13,27.0
CE04OSPS-SF01B-3C-PARADA102,2026-04-20,28.6
CE04OSPS-SF01B-3C-PARADA102,2026-04-27,28.8
CE04OSPS-SF01B-3C-PARADA102,2026-05-04,27.0
CE04OSPS-SF01B-3C-PARADA102,2026-05-11,28.5
CE04OSPS-SF01B-3C-PARADA102,2026-05-18,31.1
CE04OSPS-SF01B-3C-PARADA102,2026-05-25,32.0
CE04OSPS-SF01B-3C-PARADA102,2026-06-01,29.0
CE04OSPS-SF01B-3C-PARADA102,2026-06-08,26.9
CE04OSPS-SF01B-3C-PARADA102,2026-06-15,28.0
CE04OSPS-SF01B-3C-PARADA102,2026-06-22,20.8
CE04OSPS-SF01B-3C-PARADA102,2026-06-29,22.5
CE04OSPS-SF01B-3C-PARADA102,2026-07-06,23.5
CE04OSPS-SF01B-3C-PARADA102,2026-07-13,20.6
CE04OSPS-SF01B-3C-PARADA102,2026-07-20,13.7
CE04OSPS-SF01B-3C-PARADA102,2026-07-27,10.2
CE04OSPS-SF01B-3D-SPKIRA102,2026-04-06,25.1
CE04OSPS-SF01B-3D-SPKIRA102,2026-04-13,26.4
CE04OSPS-SF01B-3D-SPKIRA102,2026-04-20,27.5
CE04OSPS-SF01B-3D-SPKIRA102,2026-04-27,27.1
CE04OSPS-SF01B-3D-SPKIRA102,2026-05-04,25.5
CE04OSPS-SF01B-3D-SPKIRA102,2026-05-11,27.3
CE04OSPS-SF01B-3D-SPKIRA102,2026-05-18,28.6
CE04OSPS-SF01B-3D-SPKIRA102,2026-05-25,28.9
CE04OSPS-SF01B-3D-SPKIRA102,2026-06-01,27.4
CE04OSPS-SF01B-3D-SPKIRA102,2026-06-08,25.9
CE04OSPS-SF01B-3D-SPKIRA102,2026-06-15,24.0
CE04OSPS-SF01B-3D-SPKIRA102,2026-06-22,18.0
CE04OSPS-SF01B-3D-SPKIRA102,2026-06-29,20.9
CE04OSPS-SF01B-3D-SPKIRA102,2026-07-06,19.2
CE04OSPS-SF01B-3D-SPKIRA102,2026-07-13,18.1
CE04OSPS-SF01B-3D-SPKIRA102,2026-07-20,14.4
CE04OSPS-SF01B-3D-SPKIRA102,2026-07-27,9.7
CE04OSPS-SF01B-4A-NUTNRA102,2026-04-06,100.0
CE04OSPS-SF01B-4A-NUTNRA102,2026-04-13,100.0
CE04OSPS-SF01B-4A-NUTNRA102,2026-04-20,100.0
CE04OSPS-SF01B-4A-NUTNRA102,2026-04-27,100.0
CE04OSPS-SF01B-4A-NUTNRA102,2026-05-04,100.0
CE04OSPS-SF01B-4A-NUTNRA102,2026-05-11,100.0
CE04OSPS-SF01B-4A-NUTNRA102,2026-05-18,100.0
CE04OSPS-SF01B-4A-NUTNRA102,2026-05-25,100.0
CE04OSPS-SF01B-4A-NUTNRA102,2026-06-01,100.0
CE04OSPS-SF01B-4A-NUTNRA102,2026-06-08,100.0
CE04OSPS-SF01B-4A-NUTNRA102,2026-06-15,100.0
CE04OSPS-SF01B-4A-NUTNRA102,2026-06-22,100.0
CE04OSPS-SF01B-4A-NUTNRA102,2026-06-29,100.0
CE04OSPS-SF01B-4A-NUTNRA102,2026-07-06,100.0
CE04OSPS-SF01B-4A-NUTNRA102,2026-07-13,100.0
CE04OSPS-SF01B-4A-NUTNRA102,2026-07-20,100.0
CE04OSPS-SF01B-4A-NUTNRA102,2026-07-27,100.0
CE04OSPS-SF01B-4F-PCO2WA102,2026-04-06,100.0
CE04OSPS-SF01B-4F-PCO2WA102,2026-04-13,100.0
CE04OSPS-SF01B-4F-PCO2WA102,2026-04-20,100.0
CE04OSPS-SF01B-4F-PCO2WA102,2026-04-27,100.0
CE04OSPS-SF01B-4F-PCO2WA102,2026-05-04,100.0
CE04OSPS-SF01B-4F-PCO2WA102,2026-05-11,100.0
CE04OSPS-SF01B-4F-PCO2WA102,2026-05-18,100.0
CE04OSPS-SF01B-4F-PCO2WA102,2026-05-25,87.3
CE04OSPS-SF01B-4F-PCO2WA102,2026-06-01,41.9
CE04OSPS-SF01B-4F-PCO2WA102,2026-06-08,36.6
CE04OSPS-SF01B-4F-PCO2WA102,2026-06-15,16.2
CE04OSPS-SF01B-4F-PCO2WA102,2026-06-22,81.3
CE04OSPS-SF01B-4F-PCO2WA102,2026-06-29,19.6
CE04OSPS-SF01B-4F-PCO2WA102,2026-07-06,16.6
CE04OSPS-SF01B-4F-PCO2WA102,2026-07-13,64.9
CE04OSPS-SF01B-4F-PCO2WA102,2026-07-20,19.1
CE04OSPS-SF01B-4F-PCO2WA102,2026-07-27,3.1
RS01SBPS-PC01A-05-ADCPTD102,2026-04-06,100.0
RS01SBPS-PC01A-05-ADCPTD102,2026-04-13,100.0
RS01SBPS-PC01A-05-ADCPTD102,2026-04-20,100.0
RS01SBPS-PC01A-05-ADCPTD102,2026-04-27,100.0
RS01SBPS-PC01A-05-ADCPTD102,2026-05-04,100.0
RS01SBPS-PC01A-05-ADCPTD102,2026-05-11,100.0
RS01SBPS-PC01A-05-ADCPTD102,2026-05-18,100.0
RS01SBPS-PC01A-05-ADCPTD102,2026-05-25,100.0
RS01SBPS-PC01A-05-ADCPTD102,2026-06-01,100.0
RS01SBPS-PC01A-05-ADCPTD102,2026-06-08,100.0
RS01SBPS-PC01A-05-ADCPTD102,2026-06-15,100.0
RS01SBPS-PC01A-05-ADCPTD102,2026-06-22,100.0
RS01SBPS-PC01A-05-ADCPTD102,2026-06-29,100.0
RS01SBPS-PC01A-05-ADCPTD102,2026-07-06,100.0
RS01SBPS-PC01A-05-ADCPTD102,2026-07-13,100.0
RS01SBPS-PC01A-05-ADCPTD102,2026-07-20,100.0
RS01SBPS-PC01A-05-ADCPTD102,2026-07-27,100.0
RS01SBPS-PC01A-4A-CTDPFA103,2026-04-06,100.0
RS01SBPS-PC01A-4A-CTDPFA103,2026-04-13,100.0
RS01SBPS-PC01A-4A-CTDPFA103,2026-04-20,100.0
RS01SBPS-PC01A-4A-CTDPFA103,2026-04-27,100.0
RS01SBPS-PC01A-4A-CTDPFA103,2026-05-04,100.0
RS01SBPS-PC01A-4A-CTDPFA103,2026-05-11,100.0
RS01SBPS-PC01A-4A-CTDPFA103,2026-05-18,100.0
RS01SBPS-PC01A-4A-CTDPFA103,2026-05-25,100.0
RS01SBPS-PC01A-4A-CTDPFA103,2026-06-01,100.0
RS01SBPS-PC01A-4A-CTDPFA103,2026-06-08,100.0
RS01SBPS-PC01A-4A-CTDPFA103,2026-06-15,100.0
RS01SBPS-PC01A-4A-CTDPFA103,2026-06-22,100.0
RS01SBPS-PC01A-4A-CTDPFA103,2026-06-29,100.0
RS01SBPS-PC01A-4A-CTDPFA103,2026-07-06,100.0
RS01SBPS-PC01A-4A-CTDPFA103,2026-07-13,100.0
RS01SBPS-PC01A-4A-CTDPFA103,2026-07-20,100.0
RS01SBPS-PC01A-4A-CTDPFA103,2026-07-27,100.0
RS01SBPS-PC01A-4B-PHSENA102,2026-04-06,100.0
RS01SBPS-PC01A-4B-PHSENA102,2026-04-13,98.8
RS01SBPS-PC01A-4B-PHSENA102,2026-04-20,100.0
RS01SBPS-PC01A-4B-PHSENA102,2026-04-27,100.0
RS01SBPS-PC01A-4B-PHSENA102,2026-05-04,100.0
RS01SBPS-PC01A-4B-PHSENA102,2026-05-11,100.0
RS01SBPS-PC01A-4B-PHSENA102,2026-05-18,100.0
RS01SBPS-PC01A-4B-PHSENA102,2026-05-25,100.0
RS01SBPS-PC01A-4B-PHSENA102,2026-06-01,100.0
RS01SBPS-PC01A-4B-PHSENA102,2026-06-08,100.0
RS01SBPS-PC01A-4B-PHSENA102,2026-06-15,100.0
RS01SBPS-PC01A-4B-PHSENA102,2026-06-22,100.0
RS01SBPS-PC01A-4B-PHSENA102,2026-06-29,100.0
RS01SBPS-PC01A-4B-PHSENA102,2026-07-06,100.0
RS01SBPS-PC01A-4B-PHSENA102,2026-07-13,100.0
RS01SBPS-PC01A-4B-PHSENA102,2026-07-20,100.0
RS01SBPS-PC01A-4B-PHSENA102,2026-07-27,100.0
RS01SBPS-PC01A-4C-FLORDD103,2026-04-06,100.0
RS01SBPS-PC01A-4C-FLORDD103,2026-04-13,100.0
RS01SBPS-PC01A-4C-FLORDD103,2026-04-20,99.3
RS01SBPS-PC01A-4C-FLORDD103,2026-04-27,100.0
RS01SBPS-PC01A-4C-FLORDD103,2026-05-04,99.9
RS01SBPS-PC01A-4C-FLORDD103,2026-05-11,99.7
RS01SBPS-PC01A-4C-FLORDD103,2026-05-18,99.8
RS01SBPS-PC01A-4C-FLORDD103,2026-05-25,99.6
RS01SBPS-PC01A-4C-FLORDD103,2026-06-01,99.2
RS01SBPS-PC01A-4C-FLORDD103,2026-06-08,99.8
RS01SBPS-PC01A-4C-FLORDD103,2026-06-15,97.6
RS01SBPS-PC01A-4C-FLORDD103,2026-06-22,100.0
RS01SBPS-PC01A-4C-FLORDD103,2026-06-29,100.0
RS01SBPS-PC01A-4C-FLORDD103,2026-07-06,100.0
RS01SBPS-PC01A-4C-FLORDD103,2026-07-13,100.0
RS01SBPS-PC01A-4C-FLORDD103,2026-07-20,100.0
RS01SBPS-PC01A-4C-FLORDD103,2026-07-27,100.0
RS01SBPS-SF01A-2A-CTDPFA102,2026-04-06,100.0
RS01SBPS-SF01A-2A-CTDPFA102,2026-04-13,100.0
RS01SBPS-SF01A-2A-CTDPFA102,2026-04-20,100.0
RS01SBPS-SF01A-2A-CTDPFA102,2026-04-27,100.0
RS01SBPS-SF01A-2A-CTDPFA102,2026-05-04,100.0
RS01SBPS-SF01A-2A-CTDPFA102,2026-05-11,100.0
RS01SBPS-SF01A-2A-CTDPFA102,2026-05-18,100.0
RS01SBPS-SF01A-2A-CTDPFA102,2026-05-25,100.0
RS01SBPS-SF01A-2A-CTDPFA102,2026-06-01,100.0
RS01SBPS-SF01A-2A-CTDPFA102,2026-06-08,100.0
RS01SBPS-SF01A-2A-CTDPFA102,2026-06-15,100.0
RS01SBPS-SF01A-2A-CTDPFA102,2026-06-22,100.0
RS01SBPS-SF01A-2A-CTDPFA102,2026-06-29,100.0
RS01SBPS-SF01A-2A-CTDPFA102,2026-07-06,100.0
RS01SBPS-SF01A-2A-CTDPFA102,2026-07-13,100.0
RS01SBPS-SF01A-2A-CTDPFA102,2026-07-20,100.0
RS01SBPS-SF01A-2A-CTDPFA102,2026-07-27,100.0
RS01SBPS-SF01A-2D-PHSENA101,2026-04-06,97.0
RS01SBPS-SF01A-2D-PHSENA101,2026-04-13,100.0
RS01SBPS-SF01A-2D-PHSENA101,2026-04-20,99.6
RS01SBPS-SF01A-2D-PHSENA101,2026-04-27,99.1
RS01SBPS-SF01A-2D-PHSENA101,2026-05-04,99.1
RS01SBPS-SF01A-2D-PHSENA101,2026-05-11,97.8
RS01SBPS-SF01A-2D-PHSENA101,2026-05-18,100.0
RS01SBPS-SF01A-2D-PHSENA101,2026-05-25,98.3
RS01SBPS-SF01A-2D-PHSENA101,2026-06-01,99.1
RS01SBPS-SF01A-2D-PHSENA101,2026-06-08,99.1
RS01SBPS-SF01A-2D-PHSENA101,2026-06-15,98.3
RS01SBPS-SF01A-2D-PHSENA101,2026-06-22,99.1
RS01SBPS-SF01A-2D-PHSENA101,2026-06-29,97.8
RS01SBPS-SF01A-2D-PHSENA101,2026-07-06,95.7
RS01SBPS-SF01A-2D-PHSENA101,2026-07-13,99.5
RS01SBPS-SF01A-2D-PHSENA101,2026-07-20,98.5
RS01SBPS-SF01A-3A-FLORTD101,2026-04-06,100.0
RS01SBPS-SF01A-3A-FLORTD101,2026-04-13,100.0
RS01SBPS-SF01A-3A-FLORTD101,2026-04-20,100.0
RS01SBPS-SF01A-3A-FLORTD101,2026-04-27,100.0
RS01SBPS-SF01A-3A-FLORTD101,2026-05-04,100.0
RS01SBPS-SF01A-3A-FLORTD101,2026-05-11,100.0
RS01SBPS-SF01A-3A-FLORTD101,2026-05-18,100.0
RS01SBPS-SF01A-3A-FLORTD101,2026-05-25,100.0
RS01SBPS-SF01A-3A-FLORTD101,2026-06-01,100.0
RS01SBPS-SF01A-3A-FLORTD101,2026-06-08,100.0
RS01SBPS-SF01A-3A-FLORTD101,2026-06-15,100.0
RS01SBPS-SF01A-3A-FLORTD101,2026-06-22,100.0
RS01SBPS-SF01A-3A-FLORTD101,2026-06-29,100.0
RS01SBPS-SF01A-3A-FLORTD101,2026-07-06,100.0
RS01SBPS-SF01A-3A-FLORTD101,2026-07-13,100.0
RS01SBPS-SF01A-3A-FLORTD101,2026-07-20,100.0
RS01SBPS-SF01A-3A-FLORTD101,2026-07-27,100.0
RS01SBPS-SF01A-3C-PARADA101,2026-04-06,26.0
RS01SBPS-SF01A-3C-PARADA101,2026-04-13,29.1
RS01SBPS-SF01A-3C-PARADA101,2026-04-20,36.5
RS01SBPS-SF01A-3C-PARADA101,2026-04-27,34.0
RS01SBPS-SF01A-3C-PARADA101,2026-05-04,38.7
RS01SBPS-SF01A-3C-PARADA101,2026-05-11,40.7
RS01SBPS-SF01A-3C-PARADA101,2026-05-18,43.8
RS01SBPS-SF01A-3C-PARADA101,2026-05-25,45.3
RS01SBPS-SF01A-3C-PARADA101,2026-06-01,45.3
RS01SBPS-SF01A-3C-PARADA101,2026-06-08,45.7
RS01SBPS-SF01A-3C-PARADA101,2026-06-15,51.8
RS01SBPS-SF01A-3C-PARADA101,2026-06-22,33.9
RS01SBPS-SF01A-3C-PARADA101,2026-06-29,33.3
RS01SBPS-SF01A-3C-PARADA101,2026-07-06,33.8
RS01SBPS-SF01A-3C-PARADA101,2026-07-13,28.6
RS01SBPS-SF01A-3C-PARADA101,2026-07-20,32.2
RS01SBPS-SF01A-3C-PARADA101,2026-07-27,0.0
RS01SBPS-SF01A-3D-SPKIRA101,2026-04-06,48.3
RS01SBPS-SF01A-3D-SPKIRA101,2026-04-13,49.8
RS01SBPS-SF01A-3D-SPKIRA101,2026-04-20,50.1
RS01SBPS-SF01A-3D-SPKIRA101,2026-04-27,50.3
RS01SBPS-SF01A-3D-SPKIRA101,2026-05-04,52.0
RS01SBPS-SF01A-3D-SPKIRA101,2026-05-11,52.1
RS01SBPS-SF01A-3D-SPKIRA101,2026-05-18,49.1
RS01SBPS-SF01A-3D-SPKIRA101,2026-05-25,52.4
RS01SBPS-SF01A-3D-SPKIRA101,2026-06-01,51.5
RS01SBPS-SF01A-3D-SPKIRA101,2026-06-08,53.0
RS01SBPS-SF01A-3D-SPKIRA101,2026-06-15,52.3
RS01SBPS-SF01A-3D-SPKIRA101,2026-06-22,47.2
RS01SBPS-SF01A-3D-SPKIRA101,2026-06-29,49.2
RS01SBPS-SF01A-3D-SPKIRA101,2026-07-06,47.4
RS01SBPS-SF01A-3D-SPKIRA101,2026-07-13,43.6
RS01SBPS-SF01A-3D-SPKIRA101,2026-07-20,44.9
RS01SBPS-SF01A-3D-SPKIRA101,2026-07-27,34.5
RS01SBPS-SF01A-4A-NUTNRA101,2026-04-06,91.9
RS01SBPS-SF01A-4A-NUTNRA101,2026-04-13,92.5
RS01SBPS-SF01A-4A-NUTNRA101,2026-04-20,97.1
RS01SBPS-SF01A-4A-NUTNRA101,2026-04-27,95.5
RS01SBPS-SF01A-4A-NUTNRA101,2026-05-04,94.9
RS01SBPS-SF01A-4A-NUTNRA101,2026-05-11,94.6
RS01SBPS-SF01A-4A-NUTNRA101,2026-05-18,95.3
RS01SBPS-SF01A-4A-NUTNRA101,2026-05-25,94.4
RS01SBPS-SF01A-4A-NUTNRA101,2026-06-01,92.1
RS01SBPS-SF01A-4A-NUTNRA101,2026-06-08,92.1
RS01SBPS-SF01A-4A-NUTNRA101,2026-06-15,93.7
RS01SBPS-SF01A-4A-NUTNRA101,2026-06-22,99.0
RS01SBPS-SF01A-4A-NUTNRA101,2026-06-29,99.8
RS01SBPS-SF01A-4A-NUTNRA101,2026-07-06,99.9
RS01SBPS-SF01A-4A-NUTNRA101,2026-07-13,99.9
RS01SBPS-SF01A-4A-NUTNRA101,2026-07-20,99.8
RS01SBPS-SF01A-4F-PCO2WA101,2026-04-06,53.0
RS01SBPS-SF01A-4F-PCO2WA101,2026-04-13,46.3
RS01SBPS-SF01A-4F-PCO2WA101,2026-04-20,63.9
RS01SBPS-SF01A-4F-PCO2WA101,2026-04-27,53.3
RS01SBPS-SF01A-4F-PCO2WA101,2026-05-04,53.3
RS01SBPS-SF01A-4F-PCO2WA101,2026-05-11,55.9
RS01SBPS-SF01A-4F-PCO2WA101,2026-05-18,35.6
RS01SBPS-SF01A-4F-PCO2WA101,2026-05-25,13.2
RS01SBPS-SF01A-4F-PCO2WA101,2026-06-01,8.5
RS01SBPS-SF01A-4F-PCO2WA101,2026-06-08,56.8
RS01SBPS-SF01A-4F-PCO2WA101,2026-06-15,64.0
RS01SBPS-SF01A-4F-PCO2WA101,2026-06-22,42.0
RS01SBPS-SF01A-4F-PCO2WA101,2026-06-29,72.1
RS01SBPS-SF01A-4F-PCO2WA101,2026-07-06,59.0
RS01SBPS-SF01A-4F-PCO2WA101,2026-07-13,46.8
RS01SBPS-SF01A-4F-PCO2WA101,2026-07-20,59.9
RS01SLBS-LJ01A-12-CTDPFB101,2026-04-06,100.0
RS01SLBS-LJ01A-12-CTDPFB101,2026-04-13,100.0
RS01SLBS-LJ01A-12-CTDPFB101,2026-04-20,100.0
RS01SLBS-LJ01A-12-CTDPFB101,2026-04-27,100.0
RS01SLBS-LJ01A-12-CTDPFB101,2026-05-04,100.0
RS01SLBS-LJ01A-12-CTDPFB101,2026-05-11,100.0
RS01SLBS-LJ01A-12-CTDPFB101,2026-05-18,100.0
RS01SLBS-LJ01A-12-CTDPFB101,2026-05-25,100.0
RS01SLBS-LJ01A-12-CTDPFB101,2026-06-01,100.0
RS01SLBS-LJ01A-12-CTDPFB101,2026-06-08,100.0
RS01SLBS-LJ01A-12-CTDPFB101,2026-06-15,100.0
RS01SLBS-LJ01A-12-CTDPFB101,2026-06-22,100.0
RS01SLBS-LJ01A-12-CTDPFB101,2026-06-29,100.0
RS01SLBS-LJ01A-12-CTDPFB101,2026-07-06,100.0
RS01SLBS-LJ01A-12-CTDPFB101,2026-07-13,100.0
RS01SLBS-LJ01A-12-CTDPFB101,2026-07-20,100.0
RS01SLBS-LJ01A-12-CTDPFB101,2026-07-27,100.0
RS01SLBS-MJ01A-06-PRESTA101,2026-04-06,100.0
RS01SLBS-MJ01A-06-PRESTA101,2026-04-13,100.0
RS01SLBS-MJ01A-06-PRESTA101,2026-04-20,100.0
RS01SLBS-MJ01A-06-PRESTA101,2026-04-27,100.0
RS01SLBS-MJ01A-06-PRESTA101,2026-05-04,100.0
RS01SLBS-MJ01A-06-PRESTA101,2026-05-11,100.0
RS01SLBS-MJ01A-06-PRESTA101,2026-05-18,100.0
RS01SLBS-MJ01A-06-PRESTA101,2026-05-25,100.0
RS01SLBS-MJ01A-06-PRESTA101,2026-06-01,100.0
RS01SLBS-MJ01A-06-PRESTA101,2026-06-08,100.0
RS01SLBS-MJ01A-06-PRESTA101,2026-06-15,100.0
RS01SLBS-MJ01A-06-PRESTA101,2026-06-22,100.0
RS01SLBS-MJ01A-06-PRESTA101,2026-06-29,100.0
RS01SLBS-MJ01A-06-PRESTA101,2026-07-06,100.0
RS01SLBS-MJ01A-06-PRESTA101,2026-07-13,100.0
RS01SLBS-MJ01A-06-PRESTA101,2026-07-20,100.0
RS01SLBS-MJ01A-06-PRESTA101,2026-07-27,100.0
RS01SLBS-MJ01A-12-VEL3DB101,2026-04-06,100.0
RS01SLBS-MJ01A-12-VEL3DB101,2026-04-13,99.9
RS01SLBS-MJ01A-12-VEL3DB101,2026-04-20,100.0
RS01SLBS-MJ01A-12-VEL3DB101,2026-04-27,100.0
RS01SLBS-MJ01A-12-VEL3DB101,2026-05-04,100.0
RS01SLBS-MJ01A-12-VEL3DB101,2026-05-11,100.0
RS01SLBS-MJ01A-12-VEL3DB101,2026-05-18,99.8
RS01SLBS-MJ01A-12-VEL3DB101,2026-05-25,99.2
RS01SLBS-MJ01A-12-VEL3DB101,2026-06-01,100.0
RS01SLBS-MJ01A-12-VEL3DB101,2026-06-08,100.0
RS01SLBS-MJ01A-12-VEL3DB101,2026-06-15,100.0
RS01SLBS-MJ01A-12-VEL3DB101,2026-06-22,100.0
RS01SLBS-MJ01A-12-VEL3DB101,2026-06-29,100.0
RS01SLBS-MJ01A-12-VEL3DB101,2026-07-06,100.0
RS01SLBS-MJ01A-12-VEL3DB101,2026-07-13,100.0
RS01SLBS-MJ01A-12-VEL3DB101,2026-07-20,100.0
RS01SLBS-MJ01A-12-VEL3DB101,2026-07-27,98.8
RS01SUM1-LJ01B-09-PRESTB102,2026-04-06,100.0
RS01SUM1-LJ01B-09-PRESTB102,2026-04-13,100.0
RS01SUM1-LJ01B-09-PRESTB102,2026-04-20,100.0
RS01SUM1-LJ01B-09-PRESTB102,2026-04-27,100.0
RS01SUM1-LJ01B-09-PRESTB102,2026-05-04,100.0
RS01SUM1-LJ01B-09-PRESTB102,2026-05-11,100.0
RS01SUM1-LJ01B-09-PRESTB102,2026-05-18,100.0
RS01SUM1-LJ01B-09-PRESTB102,2026-05-25,100.0
RS01SUM1-LJ01B-09-PRESTB102,2026-06-01,100.0
RS01SUM1-LJ01B-09-PRESTB102,2026-06-08,100.0
RS01SUM1-LJ01B-09-PRESTB102,2026-06-15,100.0
RS01SUM1-LJ01B-09-PRESTB102,2026-06-22,100.0
RS01SUM1-LJ01B-09-PRESTB102,2026-06-29,100.0
RS01SUM1-LJ01B-09-PRESTB102,2026-07-06,100.0
RS01SUM1-LJ01B-09-PRESTB102,2026-07-13,100.0
RS01SUM1-LJ01B-09-PRESTB102,2026-07-20,100.0
RS01SUM1-LJ01B-09-PRESTB102,2026-07-27,100.0
RS01SUM1-LJ01B-12-VEL3DB104,2026-04-06,100.0
RS01SUM1-LJ01B-12-VEL3DB104,2026-04-13,99.5
RS01SUM1-LJ01B-12-VEL3DB104,2026-04-20,100.0
RS01SUM1-LJ01B-12-VEL3DB104,2026-04-27,100.0
RS01SUM1-LJ01B-12-VEL3DB104,2026-05-04,100.0
RS01SUM1-LJ01B-12-VEL3DB104,2026-05-11,100.0
RS01SUM1-LJ01B-12-VEL3DB104,2026-05-18,100.0
RS01SUM1-LJ01B-12-VEL3DB104,2026-05-25,100.0
RS01SUM1-LJ01B-12-VEL3DB104,2026-06-01,100.0
RS01SUM1-LJ01B-12-VEL3DB104,2026-06-08,100.0
RS01SUM1-LJ01B-12-VEL3DB104,2026-06-15,100.0
RS01SUM1-LJ01B-12-VEL3DB104,2026-06-22,100.0
RS01SUM1-LJ01B-12-VEL3DB104,2026-06-29,100.0
RS01SUM1-LJ01B-12-VEL3DB104,2026-07-06,99.9
RS01SUM1-LJ01B-12-VEL3DB104,2026-07-13,100.0
RS01SUM1-LJ01B-12-VEL3DB104,2026-07-20,100.0
RS01SUM1-LJ01B-12-VEL3DB104,2026-07-27,99.8
RS01SUM2-MJ01B-12-ADCPSK101,2026-04-06,100.0
RS01SUM2-MJ01B-12-ADCPSK101,2026-04-13,100.0
RS01SUM2-MJ01B-12-ADCPSK101,2026-04-20,100.0
RS01SUM2-MJ01B-12-ADCPSK101,2026-04-27,100.0
RS01SUM2-MJ01B-12-ADCPSK101,2026-05-04,100.0
RS01SUM2-MJ01B-12-ADCPSK101,2026-05-11,100.0
RS01SUM2-MJ01B-12-ADCPSK101,2026-05-18,100.0
RS01SUM2-MJ01B-12-ADCPSK101,2026-05-25,100.0
RS01SUM2-MJ01B-12-ADCPSK101,2026-06-01,100.0
RS01SUM2-MJ01B-12-ADCPSK101,2026-06-08,100.0
RS01SUM2-MJ01B-12-ADCPSK101,2026-06-15,100.0
RS01SUM2-MJ01B-12-ADCPSK101,2026-06-22,100.0
RS01SUM2-MJ01B-12-ADCPSK101,2026-06-29,100.0
RS01SUM2-MJ01B-12-ADCPSK101,2026-07-06,100.0
RS01SUM2-MJ01B-12-ADCPSK101,2026-07-13,100.0
RS01SUM2-MJ01B-12-ADCPSK101,2026-07-20,100.0
RS01SUM2-MJ01B-12-ADCPSK101,2026-07-27,100.0
RS03ASHS-MJ03B-07-TMPSFA301,2026-04-06,100.0
RS03ASHS-MJ03B-07-TMPSFA301,2026-04-13,100.0
RS03ASHS-MJ03B-07-TMPSFA301,2026-04-20,100.0
RS03ASHS-MJ03B-07-TMPSFA301,2026-04-27,100.0
RS03ASHS-MJ03B-07-TMPSFA301,2026-05-04,100.0
RS03ASHS-MJ03B-07-TMPSFA301,2026-05-11,100.0
RS03ASHS-MJ03B-07-TMPSFA301,2026-05-18,100.0
RS03ASHS-MJ03B-07-TMPSFA301,2026-05-25,100.0
RS03ASHS-MJ03B-07-TMPSFA301,2026-06-01,100.0
RS03ASHS-MJ03B-07-TMPSFA301,2026-06-08,100.0
RS03ASHS-MJ03B-07-TMPSFA301,2026-06-15,100.0
RS03ASHS-MJ03B-07-TMPSFA301,2026-06-22,100.0
RS03ASHS-MJ03B-07-TMPSFA301,2026-06-29,100.0
RS03ASHS-MJ03B-07-TMPSFA301,2026-07-06,100.0
RS03ASHS-MJ03B-07-TMPSFA301,2026-07-13,100.0
RS03ASHS-MJ03B-07-TMPSFA301,2026-07-20,100.0
RS03ASHS-MJ03B-07-TMPSFA301,2026-07-27,100.0
RS03ASHS-MJ03B-10-CTDPFB304,2026-04-06,100.0
RS03ASHS-MJ03B-10-CTDPFB304,2026-04-13,100.0
RS03ASHS-MJ03B-10-CTDPFB304,2026-04-20,100.0
RS03ASHS-MJ03B-10-CTDPFB304,2026-04-27,100.0
RS03ASHS-MJ03B-10-CTDPFB304,2026-05-04,100.0
RS03ASHS-MJ03B-10-CTDPFB304,2026-05-11,100.0
RS03ASHS-MJ03B-10-CTDPFB304,2026-05-18,100.0
RS03ASHS-MJ03B-10-CTDPFB304,2026-05-25,100.0
RS03ASHS-MJ03B-10-CTDPFB304,2026-06-01,100.0
RS03ASHS-MJ03B-10-CTDPFB304,2026-06-08,100.0
RS03ASHS-MJ03B-10-CTDPFB304,2026-06-15,100.0
RS03ASHS-MJ03B-10-CTDPFB304,2026-06-22,100.0
RS03ASHS-MJ03B-10-CTDPFB304,2026-06-29,100.0
RS03ASHS-MJ03B-10-CTDPFB304,2026-07-06,100.0
RS03ASHS-MJ03B-10-CTDPFB304,2026-07-13,100.0
RS03ASHS-MJ03B-10-CTDPFB304,2026-07-20,100.0
RS03ASHS-MJ03B-10-CTDPFB304,2026-07-27,100.0
RS03AXBS-LJ03A-10-ADCPTE303,2026-04-06,100.0
RS03AXBS-LJ03A-10-ADCPTE303,2026-04-13,100.0
RS03AXBS-LJ03A-10-ADCPTE303,2026-04-20,100.0
RS03AXBS-LJ03A-10-ADCPTE303,2026-04-27,100.0
RS03AXBS-LJ03A-10-ADCPTE303,2026-05-04,100.0
RS03AXBS-LJ03A-10-ADCPTE303,2026-05-11,100.0
RS03AXBS-LJ03A-10-ADCPTE303,2026-05-18,100.0
RS03AXBS-LJ03A-10-ADCPTE303,2026-05-25,100.0
RS03AXBS-LJ03A-10-ADCPTE303,2026-06-01,100.0
RS03AXBS-LJ03A-10-ADCPTE303,2026-06-08,100.0
RS03AXBS-LJ03A-10-ADCPTE303,2026-06-15,100.0
RS03AXBS-LJ03A-10-ADCPTE303,2026-06-22,100.0
RS03AXBS-LJ03A-10-ADCPTE303,2026-06-29,100.0
RS03AXBS-LJ03A-10-ADCPTE303,2026-07-06,100.0
RS03AXBS-LJ03A-10-ADCPTE303,2026-07-13,100.0
RS03AXBS-LJ03A-10-ADCPTE303,2026-07-20,100.0
RS03AXBS-LJ03A-10-ADCPTE303,2026-07-27,100.0
RS03AXBS-LJ03A-12-CTDPFB301,2026-04-06,100.0
RS03AXBS-LJ03A-12-CTDPFB301,2026-04-13,100.0
RS03AXBS-LJ03A-12-CTDPFB301,2026-04-20,100.0
RS03AXBS-LJ03A-12-CTDPFB301,2026-04-27,100.0
RS03AXBS-LJ03A-12-CTDPFB301,2026-05-04,100.0
RS03AXBS-LJ03A-12-CTDPFB301,2026-05-11,100.0
RS03AXBS-LJ03A-12-CTDPFB301,2026-05-18,100.0
RS03AXBS-LJ03A-12-CTDPFB301,2026-05-25,100.0
RS03AXBS-LJ03A-12-CTDPFB301,2026-06-01,100.0
RS03AXBS-LJ03A-12-CTDPFB301,2026-06-08,100.0
RS03AXBS-LJ03A-12-CTDPFB301,2026-06-15,100.0
RS03AXBS-LJ03A-12-CTDPFB301,2026-06-22,100.0
RS03AXBS-LJ03A-12-CTDPFB301,2026-06-29,100.0
RS03AXBS-LJ03A-12-CTDPFB301,2026-07-06,100.0
RS03AXBS-LJ03A-12-CTDPFB301,2026-07-13,100.0
RS03AXBS-LJ03A-12-CTDPFB301,2026-07-20,100.0
RS03AXBS-LJ03A-12-CTDPFB301,2026-07-27,100.0
RS03AXBS-MJ03A-06-PRESTA301,2026-04-06,100.0
RS03AXBS-MJ03A-06-PRESTA301,2026-04-13,100.0
RS03AXBS-MJ03A-06-PRESTA301,2026-04-20,100.0
RS03AXBS-MJ03A-06-PRESTA301,2026-04-27,100.0
RS03AXBS-MJ03A-06-PRESTA301,2026-05-04,100.0
RS03AXBS-MJ03A-06-PRESTA301,2026-05-11,100.0
RS03AXBS-MJ03A-06-PRESTA301,2026-05-18,100.0
RS03AXBS-MJ03A-06-PRESTA301,2026-05-25,100.0
RS03AXBS-MJ03A-06-PRESTA301,2026-06-01,100.0
RS03AXBS-MJ03A-06-PRESTA301,2026-06-08,100.0
RS03AXBS-MJ03A-06-PRESTA301,2026-06-15,100.0
RS03AXBS-MJ03A-06-PRESTA301,2026-06-22,100.0
RS03AXBS-MJ03A-06-PRESTA301,2026-06-29,100.0
RS03AXBS-MJ03A-06-PRESTA301,2026-07-06,100.0
RS03AXBS-MJ03A-06-PRESTA301,2026-07-13,100.0
RS03AXBS-MJ03A-06-PRESTA301,2026-07-20,100.0
RS03AXBS-MJ03A-06-PRESTA301,2026-07-27,100.0
RS03AXBS-MJ03A-12-VEL3DB301,2026-04-06,100.0
RS03AXBS-MJ03A-12-VEL3DB301,2026-04-13,100.0
RS03AXBS-MJ03A-12-VEL3DB301,2026-04-20,100.0
RS03AXBS-MJ03A-12-VEL3DB301,2026-04-27,99.7
RS03AXBS-MJ03A-12-VEL3DB301,2026-05-04,100.0
RS03AXBS-MJ03A-12-VEL3DB301,2026-05-11,100.0
RS03AXBS-MJ03A-12-VEL3DB301,2026-05-18,100.0
RS03AXBS-MJ03A-12-VEL3DB301,2026-05-25,100.0
RS03AXBS-MJ03A-12-VEL3DB301,2026-06-01,100.0
RS03AXBS-MJ03A-12-VEL3DB301,2026-06-08,100.0
RS03AXBS-MJ03A-12-VEL3DB301,2026-06-15,100.0
RS03AXBS-MJ03A-12-VEL3DB301,2026-06-22,100.0
RS03AXBS-MJ03A-12-VEL3DB301,2026-06-29,100.0
RS03AXBS-MJ03A-12-VEL3DB301,2026-07-06,100.0
RS03AXBS-MJ03A-12-VEL3DB301,2026-07-13,100.0
RS03AXBS-MJ03A-12-VEL3DB301,2026-07-20,100.0
RS03AXBS-MJ03A-12-VEL3DB301,2026-07-27,100.0
RS03AXPS-PC03A-05-ADCPTD302,2026-04-06,100.0
RS03AXPS-PC03A-05-ADCPTD302,2026-04-13,100.0
RS03AXPS-PC03A-05-ADCPTD302,2026-04-20,100.0
RS03AXPS-PC03A-05-ADCPTD302,2026-04-27,100.0
RS03AXPS-PC03A-05-ADCPTD302,2026-05-04,100.0
RS03AXPS-PC03A-05-ADCPTD302,2026-05-11,100.0
RS03AXPS-PC03A-05-ADCPTD302,2026-05-18,100.0
RS03AXPS-PC03A-05-ADCPTD302,2026-05-25,100.0
RS03AXPS-PC03A-05-ADCPTD302,2026-06-01,100.0
RS03AXPS-PC03A-05-ADCPTD302,2026-06-08,100.0
RS03AXPS-PC03A-05-ADCPTD302,2026-06-15,100.0
RS03AXPS-PC03A-05-ADCPTD302,2026-06-22,100.0
RS03AXPS-PC03A-05-ADCPTD302,2026-06-29,100.0
RS03AXPS-PC03A-05-ADCPTD302,2026-07-06,100.0
RS03AXPS-PC03A-05-ADCPTD302,2026-07-13,100.0
RS03AXPS-PC03A-05-ADCPTD302,2026-07-20,100.0
RS03AXPS-PC03A-05-ADCPTD302,2026-07-27,100.0
RS03AXPS-PC03A-4A-CTDPFA303,2026-04-06,100.0
RS03AXPS-PC03A-4A-CTDPFA303,2026-04-13,100.0
RS03AXPS-PC03A-4A-CTDPFA303,2026-04-20,100.0
RS03AXPS-PC03A-4A-CTDPFA303,2026-04-27,100.0
RS03AXPS-PC03A-4A-CTDPFA303,2026-05-04,100.0
RS03AXPS-PC03A-4A-CTDPFA303,2026-05-11,100.0
RS03AXPS-PC03A-4A-CTDPFA303,2026-05-18,100.0
RS03AXPS-PC03A-4A-CTDPFA303,2026-05-25,100.0
RS03AXPS-PC03A-4A-CTDPFA303,2026-06-01,100.0
RS03AXPS-PC03A-4A-CTDPFA303,2026-06-08,100.0
RS03AXPS-PC03A-4A-CTDPFA303,2026-06-15,100.0
RS03AXPS-PC03A-4A-CTDPFA303,2026-06-22,100.0
RS03AXPS-PC03A-4A-CTDPFA303,2026-06-29,100.0
RS03AXPS-PC03A-4A-CTDPFA303,2026-07-06,100.0
RS03AXPS-PC03A-4A-CTDPFA303,2026-07-13,100.0
RS03AXPS-PC03A-4A-CTDPFA303,2026-07-20,100.0
RS03AXPS-PC03A-4A-CTDPFA303,2026-07-27,100.0
RS03AXPS-PC03A-4B-PHSENA302,2026-04-06,100.0
RS03AXPS-PC03A-4B-PHSENA302,2026-04-13,100.0
RS03AXPS-PC03A-4B-PHSENA302,2026-04-20,100.0
RS03AXPS-PC03A-4B-PHSENA302,2026-04-27,100.0
RS03AXPS-PC03A-4B-PHSENA302,2026-05-04,100.0
RS03AXPS-PC03A-4B-PHSENA302,2026-05-11,100.0
RS03AXPS-PC03A-4B-PHSENA302,2026-05-18,100.0
RS03AXPS-PC03A-4B-PHSENA302,2026-05-25,100.0
RS03AXPS-PC03A-4B-PHSENA302,2026-06-01,100.0
RS03AXPS-PC03A-4B-PHSENA302,2026-06-08,100.0
RS03AXPS-PC03A-4B-PHSENA302,2026-06-15,100.0
RS03AXPS-PC03A-4B-PHSENA302,2026-06-22,100.0
RS03AXPS-PC03A-4B-PHSENA302,2026-06-29,100.0
RS03AXPS-PC03A-4B-PHSENA302,2026-07-06,100.0
RS03AXPS-PC03A-4B-PHSENA302,2026-07-13,100.0
RS03AXPS-PC03A-4B-PHSENA302,2026-07-20,100.0
RS03AXPS-PC03A-4B-PHSENA302,2026-07-27,100.0
RS03AXPS-PC03A-4C-FLORDD303,2026-04-06,99.9
RS03AXPS-PC03A-4C-FLORDD303,2026-04-13,99.9
RS03AXPS-PC03A-4C-FLORDD303,2026-04-20,99.9
RS03AXPS-PC03A-4C-FLORDD303,2026-04-27,99.8
RS03AXPS-PC03A-4C-FLORDD303,2026-05-04,99.8
RS03AXPS-PC03A-4C-FLORDD303,2026-05-11,99.9
RS03AXPS-PC03A-4C-FLORDD303,2026-05-18,100.0
RS03AXPS-PC03A-4C-FLORDD303,2026-05-25,99.9
RS03AXPS-PC03A-4C-FLORDD303,2026-06-01,99.9
RS03AXPS-PC03A-4C-FLORDD303,2026-06-08,99.8
RS03AXPS-PC03A-4C-FLORDD303,2026-06-15,99.9
RS03AXPS-PC03A-4C-FLORDD303,2026-06-22,99.8
RS03AXPS-PC03A-4C-FLORDD303,2026-06-29,99.8
RS03AXPS-PC03A-4C-FLORDD303,2026-07-06,99.7
RS03AXPS-PC03A-4C-FLORDD303,2026-07-13,99.8
RS03AXPS-PC03A-4C-FLORDD303,2026-07-20,99.9
RS03AXPS-PC03A-4C-FLORDD303,2026-07-27,99.9
RS03AXPS-SF03A-2A-CTDPFA302,2026-04-06,100.0
RS03AXPS-SF03A-2A-CTDPFA302,2026-04-13,100.0
RS03AXPS-SF03A-2A-CTDPFA302,2026-04-20,100.0
RS03AXPS-SF03A-2A-CTDPFA302,2026-04-27,100.0
RS03AXPS-SF03A-2A-CTDPFA302,2026-05-04,100.0
RS03AXPS-SF03A-2A-CTDPFA302,2026-05-11,100.0
RS03AXPS-SF03A-2A-CTDPFA302,2026-05-18,100.0
RS03AXPS-SF03A-2A-CTDPFA302,2026-05-25,100.0
RS03AXPS-SF03A-2A-CTDPFA302,2026-06-01,100.0
RS03AXPS-SF03A-2A-CTDPFA302,2026-06-08,100.0
RS03AXPS-SF03A-2A-CTDPFA302,2026-06-15,100.0
RS03AXPS-SF03A-2A-CTDPFA302,2026-06-22,100.0
RS03AXPS-SF03A-2A-CTDPFA302,2026-06-29,100.0
RS03AXPS-SF03A-2A-CTDPFA302,2026-07-06,100.0
RS03AXPS-SF03A-2A-CTDPFA302,2026-07-13,100.0
RS03AXPS-SF03A-2A-CTDPFA302,2026-07-20,100.0
RS03AXPS-SF03A-2A-CTDPFA302,2026-07-27,100.0
RS03AXPS-SF03A-2D-PHSENA301,2026-04-06,100.0
RS03AXPS-SF03A-2D-PHSENA301,2026-04-13,100.0
RS03AXPS-SF03A-2D-PHSENA301,2026-04-20,100.0
RS03AXPS-SF03A-2D-PHSENA301,2026-04-27,100.0
RS03AXPS-SF03A-2D-PHSENA301,2026-05-04,100.0
RS03AXPS-SF03A-2D-PHSENA301,2026-05-11,100.0
RS03AXPS-SF03A-2D-PHSENA301,2026-05-18,100.0
RS03AXPS-SF03A-2D-PHSENA301,2026-05-25,100.0
RS03AXPS-SF03A-2D-PHSENA301,2026-06-01,100.0
RS03AXPS-SF03A-2D-PHSENA301,2026-06-08,100.0
RS03AXPS-SF03A-2D-PHSENA301,2026-06-15,100.0
RS03AXPS-SF03A-2D-PHSENA301,2026-06-22,100.0
RS03AXPS-SF03A-2D-PHSENA301,2026-06-29,100.0
RS03AXPS-SF03A-2D-PHSENA301,2026-07-06,100.0
RS03AXPS-SF03A-2D-PHSENA301,2026-07-13,100.0
RS03AXPS-SF03A-2D-PHSENA301,2026-07-20,100.0
RS03AXPS-SF03A-2D-PHSENA301,2026-07-27,100.0
RS03AXPS-SF03A-3A-FLORTD301,2026-04-06,72.4
RS03AXPS-SF03A-3A-FLORTD301,2026-04-13,77.6
RS03AXPS-SF03A-3A-FLORTD301,2026-04-20,84.1
RS03AXPS-SF03A-3A-FLORTD301,2026-04-27,88.9
RS03AXPS-SF03A-3A-FLORTD301,2026-05-04,89.9
RS03AXPS-SF03A-3A-FLORTD301,2026-05-11,91.2
RS03AXPS-SF03A-3A-FLORTD301,2026-05-18,92.2
RS03AXPS-SF03A-3A-FLORTD301,2026-05-25,92.3
RS03AXPS-SF03A-3A-FLORTD301,2026-06-01,89.7
RS03AXPS-SF03A-3A-FLORTD301,2026-06-08,91.6
RS03AXPS-SF03A-3A-FLORTD301,2026-06-15,92.8
RS03AXPS-SF03A-3A-FLORTD301,2026-06-22,90.9
RS03AXPS-SF03A-3A-FLORTD301,2026-06-29,82.9
RS03AXPS-SF03A-3A-FLORTD301,2026-07-06,81.5
RS03AXPS-SF03A-3A-FLORTD301,2026-07-13,81.3
RS03AXPS-SF03A-3A-FLORTD301,2026-07-20,77.9
RS03AXPS-SF03A-3A-FLORTD301,2026-07-27,78.0
RS03AXPS-SF03A-3C-PARADA301,2026-04-06,26.4
RS03AXPS-SF03A-3C-PARADA301,2026-04-13,26.2
RS03AXPS-SF03A-3C-PARADA301,2026-04-20,28.1
RS03AXPS-SF03A-3C-PARADA301,2026-04-27,26.8
RS03AXPS-SF03A-3C-PARADA301,2026-05-04,34.4
RS03AXPS-SF03A-3C-PARADA301,2026-05-11,37.3
RS03AXPS-SF03A-3C-PARADA301,2026-05-18,37.8
RS03AXPS-SF03A-3C-PARADA301,2026-05-25,43.2
RS03AXPS-SF03A-3C-PARADA301,2026-06-01,45.5
RS03AXPS-SF03A-3C-PARADA301,2026-06-08,38.5
RS03AXPS-SF03A-3C-PARADA301,2026-06-15,35.3
RS03AXPS-SF03A-3C-PARADA301,2026-06-22,34.9
RS03AXPS-SF03A-3C-PARADA301,2026-06-29,38.0
RS03AXPS-SF03A-3C-PARADA301,2026-07-06,36.1
RS03AXPS-SF03A-3C-PARADA301,2026-07-13,34.3
RS03AXPS-SF03A-3C-PARADA301,2026-07-20,32.6
RS03AXPS-SF03A-3C-PARADA301,2026-07-27,31.9
RS03AXPS-SF03A-3D-SPKIRA301,2026-04-06,41.2
RS03AXPS-SF03A-3D-SPKIRA301,2026-04-13,36.7
RS03AXPS-SF03A-3D-SPKIRA301,2026-04-20,36.9
RS03AXPS-SF03A-3D-SPKIRA301,2026-04-27,33.4
RS03AXPS-SF03A-3D-SPKIRA301,2026-05-04,38.1
RS03AXPS-SF03A-3D-SPKIRA301,2026-05-11,38.3
RS03AXPS-SF03A-3D-SPKIRA301,2026-05-18,39.1
RS03AXPS-SF03A-3D-SPKIRA301,2026-05-25,41.7
RS03AXPS-SF03A-3D-SPKIRA301,2026-06-01,43.1
RS03AXPS-SF03A-3D-SPKIRA301,2026-06-08,41.6
RS03AXPS-SF03A-3D-SPKIRA301,2026-06-15,38.9
RS03AXPS-SF03A-3D-SPKIRA301,2026-06-22,39.7
RS03AXPS-SF03A-3D-SPKIRA301,2026-06-29,41.6
RS03AXPS-SF03A-3D-SPKIRA301,2026-07-06,42.5
RS03AXPS-SF03A-3D-SPKIRA301,2026-07-13,40.6
RS03AXPS-SF03A-3D-SPKIRA301,2026-07-20,39.1
RS03AXPS-SF03A-3D-SPKIRA301,2026-07-27,37.0
RS03AXPS-SF03A-4A-NUTNRA301,2026-04-06,98.9
RS03AXPS-SF03A-4A-NUTNRA301,2026-04-13,98.4
RS03AXPS-SF03A-4A-NUTNRA301,2026-04-20,98.7
RS03AXPS-SF03A-4A-NUTNRA301,2026-04-27,99.1
RS03AXPS-SF03A-4A-NUTNRA301,2026-05-04,97.0
RS03AXPS-SF03A-4A-NUTNRA301,2026-05-11,97.9
RS03AXPS-SF03A-4A-NUTNRA301,2026-05-18,97.5
RS03AXPS-SF03A-4A-NUTNRA301,2026-05-25,98.2
RS03AXPS-SF03A-4A-NUTNRA301,2026-06-01,99.9
RS03AXPS-SF03A-4A-NUTNRA301,2026-06-08,100.0
RS03AXPS-SF03A-4A-NUTNRA301,2026-06-15,99.9
RS03AXPS-SF03A-4A-NUTNRA301,2026-06-22,98.9
RS03AXPS-SF03A-4A-NUTNRA301,2026-06-29,98.7
RS03AXPS-SF03A-4A-NUTNRA301,2026-07-06,95.8
RS03AXPS-SF03A-4A-NUTNRA301,2026-07-13,87.3
RS03AXPS-SF03A-4A-NUTNRA301,2026-07-20,82.9
RS03AXPS-SF03A-4A-NUTNRA301,2026-07-27,91.0
RS03AXPS-SF03A-4F-PCO2WA301,2026-04-06,100.0
RS03AXPS-SF03A-4F-PCO2WA301,2026-04-13,95.2
RS03AXPS-SF03A-4F-PCO2WA301,2026-04-20,83.4
RS03AXPS-SF03A-4F-PCO2WA301,2026-04-27,61.3
RS03AXPS-SF03A-4F-PCO2WA301,2026-05-04,59.1
RS03AXPS-SF03A-4F-PCO2WA301,2026-05-11,64.2
RS03AXPS-SF03A-4F-PCO2WA301,2026-05-18,80.5
RS03AXPS-SF03A-4F-PCO2WA301,2026-05-25,100.0
RS03AXPS-SF03A-4F-PCO2WA301,2026-06-01,82.6
RS03AXPS-SF03A-4F-PCO2WA301,2026-06-08,83.9
RS03AXPS-SF03A-4F-PCO2WA301,2026-06-15,64.1
RS03AXPS-SF03A-4F-PCO2WA301,2026-06-22,61.6
RS03AXPS-SF03A-4F-PCO2WA301,2026-06-29,78.7
RS03AXPS-SF03A-4F-PCO2WA301,2026-07-06,83.4
RS03AXPS-SF03A-4F-PCO2WA301,2026-07-13,88.4
RS03AXPS-SF03A-4F-PCO2WA301,2026-07-20,60.6
RS03AXPS-SF03A-4F-PCO2WA301,2026-07-27,45.2
RS03CCAL-MJ03F-12-CTDPFB305,2026-04-06,100.0
RS03CCAL-MJ03F-12-CTDPFB305,2026-04-13,100.0
RS03CCAL-MJ03F-12-CTDPFB305,2026-04-20,100.0
RS03CCAL-MJ03F-12-CTDPFB305,2026-04-27,100.0
RS03CCAL-MJ03F-12-CTDPFB305,2026-05-04,100.0
RS03CCAL-MJ03F-12-CTDPFB305,2026-05-11,100.0
RS03CCAL-MJ03F-12-CTDPFB305,2026-05-18,100.0
RS03CCAL-MJ03F-12-CTDPFB305,2026-05-25,100.0
RS03CCAL-MJ03F-12-CTDPFB305,2026-06-01,100.0
RS03CCAL-MJ03F-12-CTDPFB305,2026-06-08,100.0
RS03CCAL-MJ03F-12-CTDPFB305,2026-06-15,100.0
RS03CCAL-MJ03F-12-CTDPFB305,2026-06-22,100.0
RS03CCAL-MJ03F-12-CTDPFB305,2026-06-29,100.0
RS03CCAL-MJ03F-12-CTDPFB305,2026-07-06,100.0
RS03CCAL-MJ03F-12-CTDPFB305,2026-07-13,100.0
RS03CCAL-MJ03F-12-CTDPFB305,2026-07-20,100.0
RS03CCAL-MJ03F-12-CTDPFB305,2026-07-27,100.0
RS03ECAL-MJ03E-12-CTDPFB306,2026-04-06,100.0
RS03ECAL-MJ03E-12-CTDPFB306,2026-04-13,100.0
RS03ECAL-MJ03E-12-CTDPFB306,2026-04-20,100.0
RS03ECAL-MJ03E-12-CTDPFB306,2026-04-27,100.0
RS03ECAL-MJ03E-12-CTDPFB306,2026-05-04,100.0
RS03ECAL-MJ03E-12-CTDPFB306,2026-05-11,100.0
RS03ECAL-MJ03E-12-CTDPFB306,2026-05-18,100.0
RS03ECAL-MJ03E-12-CTDPFB306,2026-05-25,100.0
RS03ECAL-MJ03E-12-CTDPFB306,2026-06-01,100.0
RS03ECAL-MJ03E-12-CTDPFB306,2026-06-08,100.0
RS03ECAL-MJ03E-12-CTDPFB306,2026-06-15,100.0
RS03ECAL-MJ03E-12-CTDPFB306,2026-06-22,100.0
RS03ECAL-MJ03E-12-CTDPFB306,2026-06-29,100.0
RS03ECAL-MJ03E-12-CTDPFB306,2026-07-06,100.0
RS03ECAL-MJ03E-12-CTDPFB306,2026-07-13,100.0
RS03ECAL-MJ03E-12-CTDPFB306,2026-07-20,100.0
RS03ECAL-MJ03E-12-CTDPFB306,2026-07-27,100.0
RS03INT1-MJ03C-07-D1000A301,2026-04-06,100.0
RS03INT1-MJ03C-07-D1000A301,2026-04-13,100.0
RS03INT1-MJ03C-07-D1000A301,2026-04-20,100.0
RS03INT1-MJ03C-07-D1000A301,2026-04-27,100.0
RS03INT1-MJ03C-07-D1000A301,2026-05-04,100.0
RS03INT1-MJ03C-07-D1000A301,2026-05-11,100.0
RS03INT1-MJ03C-07-D1000A301,2026-05-18,100.0
RS03INT1-MJ03C-07-D1000A301,2026-05-25,100.0
RS03INT1-MJ03C-07-D1000A301,2026-06-01,100.0
RS03INT1-MJ03C-07-D1000A301,2026-06-08,100.0
RS03INT1-MJ03C-07-D1000A301,2026-06-15,100.0
RS03INT1-MJ03C-07-D1000A301,2026-06-22,100.0
RS03INT1-MJ03C-07-D1000A301,2026-06-29,100.0
RS03INT1-MJ03C-07-D1000A301,2026-07-06,100.0
RS03INT1-MJ03C-07-D1000A301,2026-07-13,100.0
RS03INT1-MJ03C-07-D1000A301,2026-07-20,100.0
RS03INT1-MJ03C-07-D1000A301,2026-07-27,100.0
RS03INT1-MJ03C-10-TRHPHA301,2026-04-06,95.3
RS03INT1-MJ03C-10-TRHPHA301,2026-04-13,95.0
RS03INT1-MJ03C-10-TRHPHA301,2026-04-20,96.1
RS03INT1-MJ03C-10-TRHPHA301,2026-04-27,97.5
RS03INT1-MJ03C-10-TRHPHA301,2026-05-04,100.0
RS03INT1-MJ03C-10-TRHPHA301,2026-05-11,100.0
RS03INT1-MJ03C-10-TRHPHA301,2026-05-18,100.0
RS03INT1-MJ03C-10-TRHPHA301,2026-05-25,100.0
RS03INT1-MJ03C-10-TRHPHA301,2026-06-01,100.0
RS03INT1-MJ03C-10-TRHPHA301,2026-06-08,100.0
RS03INT1-MJ03C-10-TRHPHA301,2026-06-15,100.0
RS03INT1-MJ03C-10-TRHPHA301,2026-06-22,100.0
RS03INT1-MJ03C-10-TRHPHA301,2026-06-29,100.0
RS03INT1-MJ03C-10-TRHPHA301,2026-07-06,100.0
RS03INT1-MJ03C-10-TRHPHA301,2026-07-13,100.0
RS03INT1-MJ03C-10-TRHPHA301,2026-07-20,100.0
RS03INT1-MJ03C-10-TRHPHA301,2026-07-27,100.0
RS03INT2-MJ03D-11-CTDPFB307,2026-04-06,100.0
RS03INT2-MJ03D-11-CTDPFB307,2026-04-13,100.0
RS03INT2-MJ03D-11-CTDPFB307,2026-04-20,100.0
RS03INT2-MJ03D-11-CTDPFB307,2026-04-27,100.0
RS03INT2-MJ03D-11-CTDPFB307,2026-05-04,100.0
RS03INT2-MJ03D-11-CTDPFB307,2026-05-11,100.0
RS03INT2-MJ03D-11-CTDPFB307,2026-05-18,100.0
RS03INT2-MJ03D-11-CTDPFB307,2026-05-25,100.0
RS03INT2-MJ03D-11-CTDPFB307,2026-06-01,100.0
RS03INT2-MJ03D-11-CTDPFB307,2026-06-08,100.0
RS03INT2-MJ03D-11-CTDPFB307,2026-06-15,100.0
RS03INT2-MJ03D-11-CTDPFB307,2026-06-22,100.0
RS03INT2-MJ03D-11-CTDPFB307,2026-06-29,100.0
RS03INT2-MJ03D-11-CTDPFB307,2026-07-06,100.0
RS03INT2-MJ03D-11-CTDPFB307,2026-07-13,100.0
RS03INT2-MJ03D-11-CTDPFB307,2026-07-20,100.0
RS03INT2-MJ03D-11-CTDPFB307,2026-07-27,100.0
RS03INT2-MJ03D-12-VEL3DB304,2026-04-06,100.0
RS03INT2-MJ03D-12-VEL3DB304,2026-04-13,100.0
RS03INT2-MJ03D-12-VEL3DB304,2026-04-20,100.0
RS03INT2-MJ03D-12-VEL3DB304,2026-04-27,100.0
RS03INT2-MJ03D-12-VEL3DB304,2026-05-04,100.0
RS03INT2-MJ03D-12-VEL3DB304,2026-05-11,100.0
RS03INT2-MJ03D-12-VEL3DB304,2026-05-18,100.0
RS03INT2-MJ03D-12-VEL3DB304,2026-05-25,100.0
RS03INT2-MJ03D-12-VEL3DB304,2026-06-01,100.0
RS03INT2-MJ03D-12-VEL3DB304,2026-06-08,100.0
RS03INT2-MJ03D-12-VEL3DB304,2026-06-15,100.0
RS03INT2-MJ03D-12-VEL3DB304,2026-06-22,100.0
RS03INT2-MJ03D-12-VEL3DB304,2026-06-29,100.0
RS03INT2-MJ03D-12-VEL3DB304,2026-07-06,100.0
RS03INT2-MJ03D-12-VEL3DB304,2026-07-13,100.0
RS03INT2-MJ03D-12-VEL3DB304,2026-07-20,100.0
RS03INT2-MJ03D-12-VEL3DB304,2026-07-27,100.0
