refDes,week,delivered_bytes,delivered_human
CE02SHBP-LJ01D-05-ADCPTB104,2026-04-13,675282944,644 MiB
CE02SHBP-LJ01D-05-ADCPTB104,2026-04-20,675282944,644 MiB
CE02SHBP-LJ01D-05-ADCPTB104,2026-04-27,675282944,644 MiB
CE02SHBP-LJ01D-05-ADCPTB104,2026-05-04,675282944,644 MiB
CE02SHBP-LJ01D-05-ADCPTB104,2026-05-11,675282944,644 MiB
CE02SHBP-LJ01D-05-ADCPTB104,2026-05-18,675282944,644 MiB
CE02SHBP-LJ01D-05-ADCPTB104,2026-05-25,675282944,644 MiB
CE02SHBP-LJ01D-05-ADCPTB104,2026-06-01,675282944,644 MiB
CE02SHBP-LJ01D-05-ADCPTB104,2026-06-08,675282944,644 MiB
CE02SHBP-LJ01D-05-ADCPTB104,2026-06-15,675282944,644 MiB
CE02SHBP-LJ01D-05-ADCPTB104,2026-06-22,675282944,644 MiB
CE02SHBP-LJ01D-05-ADCPTB104,2026-06-29,675282944,644 MiB
CE02SHBP-LJ01D-05-ADCPTB104,2026-07-06,675282944,644 MiB
CE02SHBP-LJ01D-05-ADCPTB104,2026-07-13,675282944,644 MiB
CE02SHBP-LJ01D-05-ADCPTB104,2026-07-20,675282944,644 MiB
CE02SHBP-LJ01D-06-CTDBPN106,2026-04-13,0,0 bytes
CE02SHBP-LJ01D-06-CTDBPN106,2026-04-20,0,0 bytes
CE02SHBP-LJ01D-06-CTDBPN106,2026-04-27,112,112 bytes
CE02SHBP-LJ01D-06-CTDBPN106,2026-05-04,0,0 bytes
CE02SHBP-LJ01D-06-CTDBPN106,2026-05-11,0,0 bytes
CE02SHBP-LJ01D-06-CTDBPN106,2026-05-18,0,0 bytes
CE02SHBP-LJ01D-06-CTDBPN106,2026-05-25,0,0 bytes
CE02SHBP-LJ01D-06-CTDBPN106,2026-06-01,0,0 bytes
CE02SHBP-LJ01D-06-CTDBPN106,2026-06-08,0,0 bytes
CE02SHBP-LJ01D-06-CTDBPN106,2026-06-15,0,0 bytes
CE02SHBP-LJ01D-06-CTDBPN106,2026-06-22,0,0 bytes
CE02SHBP-LJ01D-06-CTDBPN106,2026-06-29,0,0 bytes
CE02SHBP-LJ01D-06-CTDBPN106,2026-07-06,0,0 bytes
CE02SHBP-LJ01D-06-CTDBPN106,2026-07-13,0,0 bytes
CE02SHBP-LJ01D-06-CTDBPN106,2026-07-20,0,0 bytes
CE02SHBP-LJ01D-07-VEL3DC108,2026-04-13,220200960,210 MiB
CE02SHBP-LJ01D-07-VEL3DC108,2026-04-20,220200960,210 MiB
CE02SHBP-LJ01D-07-VEL3DC108,2026-04-27,220200960,210 MiB
CE02SHBP-LJ01D-07-VEL3DC108,2026-05-04,220200960,210 MiB
CE02SHBP-LJ01D-07-VEL3DC108,2026-05-11,220200960,210 MiB
CE02SHBP-LJ01D-07-VEL3DC108,2026-05-18,220200960,210 MiB
CE02SHBP-LJ01D-07-VEL3DC108,2026-05-25,220200960,210 MiB
CE02SHBP-LJ01D-07-VEL3DC108,2026-06-01,220200960,210 MiB
CE02SHBP-LJ01D-07-VEL3DC108,2026-06-08,220200960,210 MiB
CE02SHBP-LJ01D-07-VEL3DC108,2026-06-15,220200960,210 MiB
CE02SHBP-LJ01D-07-VEL3DC108,2026-06-22,220200960,210 MiB
CE02SHBP-LJ01D-07-VEL3DC108,2026-06-29,220200960,210 MiB
CE02SHBP-LJ01D-07-VEL3DC108,2026-07-06,220200960,210 MiB
CE02SHBP-LJ01D-07-VEL3DC108,2026-07-13,220200960,210 MiB
CE02SHBP-LJ01D-07-VEL3DC108,2026-07-20,220200960,210 MiB
CE02SHBP-LJ01D-08-OPTAAD106,2026-04-13,0,0 bytes
CE02SHBP-LJ01D-08-OPTAAD106,2026-04-20,0,0 bytes
CE02SHBP-LJ01D-08-OPTAAD106,2026-04-27,0,0 bytes
CE02SHBP-LJ01D-08-OPTAAD106,2026-05-04,0,0 bytes
CE02SHBP-LJ01D-08-OPTAAD106,2026-05-11,0,0 bytes
CE02SHBP-LJ01D-08-OPTAAD106,2026-05-18,0,0 bytes
CE02SHBP-LJ01D-08-OPTAAD106,2026-05-25,0,0 bytes
CE02SHBP-LJ01D-08-OPTAAD106,2026-06-01,0,0 bytes
CE02SHBP-LJ01D-08-OPTAAD106,2026-06-08,0,0 bytes
CE02SHBP-LJ01D-08-OPTAAD106,2026-06-15,0,0 bytes
CE02SHBP-LJ01D-08-OPTAAD106,2026-06-22,0,0 bytes
CE02SHBP-LJ01D-08-OPTAAD106,2026-06-29,0,0 bytes
CE02SHBP-LJ01D-08-OPTAAD106,2026-07-06,0,0 bytes
CE02SHBP-LJ01D-08-OPTAAD106,2026-07-13,0,0 bytes
CE02SHBP-LJ01D-08-OPTAAD106,2026-07-20,0,0 bytes
CE02SHBP-LJ01D-09-PCO2WB103,2026-04-13,69116,67.5 KiB
CE02SHBP-LJ01D-09-PCO2WB103,2026-04-20,69423,67.8 KiB
CE02SHBP-LJ01D-09-PCO2WB103,2026-04-27,69219,67.6 KiB
CE02SHBP-LJ01D-09-PCO2WB103,2026-05-04,69116,67.5 KiB
CE02SHBP-LJ01D-09-PCO2WB103,2026-05-11,68912,67.3 KiB
CE02SHBP-LJ01D-09-PCO2WB103,2026-05-18,69116,67.5 KiB
CE02SHBP-LJ01D-09-PCO2WB103,2026-05-25,69116,67.5 KiB
CE02SHBP-LJ01D-09-PCO2WB103,2026-06-01,69014,67.4 KiB
CE02SHBP-LJ01D-09-PCO2WB103,2026-06-08,69117,67.5 KiB
CE02SHBP-LJ01D-09-PCO2WB103,2026-06-15,69116,67.5 KiB
CE02SHBP-LJ01D-09-PCO2WB103,2026-06-22,69014,67.4 KiB
CE02SHBP-LJ01D-09-PCO2WB103,2026-06-29,69219,67.6 KiB
CE02SHBP-LJ01D-09-PCO2WB103,2026-07-06,69731,68.1 KiB
CE02SHBP-LJ01D-09-PCO2WB103,2026-07-13,69525,67.9 KiB
CE02SHBP-LJ01D-09-PCO2WB103,2026-07-20,69628,68 KiB
CE02SHBP-LJ01D-10-PHSENH110,2026-04-13,143360,140 KiB
CE02SHBP-LJ01D-10-PHSENH110,2026-04-20,143360,140 KiB
CE02SHBP-LJ01D-10-PHSENH110,2026-04-27,143360,140 KiB
CE02SHBP-LJ01D-10-PHSENH110,2026-05-04,143360,140 KiB
CE02SHBP-LJ01D-10-PHSENH110,2026-05-11,143360,140 KiB
CE02SHBP-LJ01D-10-PHSENH110,2026-05-18,143360,140 KiB
CE02SHBP-LJ01D-10-PHSENH110,2026-05-25,143360,140 KiB
CE02SHBP-LJ01D-10-PHSENH110,2026-06-01,143360,140 KiB
CE02SHBP-LJ01D-10-PHSENH110,2026-06-08,143360,140 KiB
CE02SHBP-LJ01D-10-PHSENH110,2026-06-15,143360,140 KiB
CE02SHBP-LJ01D-10-PHSENH110,2026-06-22,143360,140 KiB
CE02SHBP-LJ01D-10-PHSENH110,2026-06-29,143360,140 KiB
CE02SHBP-LJ01D-10-PHSENH110,2026-07-06,143360,140 KiB
CE02SHBP-LJ01D-10-PHSENH110,2026-07-13,143360,140 KiB
CE02SHBP-LJ01D-10-PHSENH110,2026-07-20,143360,140 KiB
CE02SHBP-LJ01D-11-HYDBBA106,2026-04-13,41525360894,38.67 GiB
CE02SHBP-LJ01D-11-HYDBBA106,2026-04-20,38517912138,35.87 GiB
CE02SHBP-LJ01D-11-HYDBBA106,2026-04-27,57105763461,53.18 GiB
CE02SHBP-LJ01D-11-HYDBBA106,2026-05-04,51636495903,48.09 GiB
CE02SHBP-LJ01D-11-HYDBBA106,2026-05-11,33264155763,30.98 GiB
CE02SHBP-LJ01D-11-HYDBBA106,2026-05-18,58389984003,54.38 GiB
CE02SHBP-LJ01D-11-HYDBBA106,2026-05-25,60050818573,55.93 GiB
CE02SHBP-LJ01D-11-HYDBBA106,2026-06-01,64683193097,60.24 GiB
CE02SHBP-LJ01D-11-HYDBBA106,2026-06-08,56774448662,52.88 GiB
CE02SHBP-LJ01D-11-HYDBBA106,2026-06-15,43205944733,40.24 GiB
CE02SHBP-LJ01D-11-HYDBBA106,2026-06-22,11297777153,10.52 GiB
CE02SHBP-LJ01D-11-HYDBBA106,2026-06-29,25497561495,23.75 GiB
CE02SHBP-LJ01D-11-HYDBBA106,2026-07-06,35110581861,32.7 GiB
CE02SHBP-LJ01D-11-HYDBBA106,2026-07-13,29140975616,27.14 GiB
CE02SHBP-LJ01D-11-HYDBBA106,2026-07-20,41385197564,38.54 GiB
CE02SHBP-MJ01C-08-CAMDSB107,2026-04-13,0,0 bytes
CE02SHBP-MJ01C-08-CAMDSB107,2026-04-20,0,0 bytes
CE02SHBP-MJ01C-08-CAMDSB107,2026-04-27,0,0 bytes
CE02SHBP-MJ01C-08-CAMDSB107,2026-05-04,0,0 bytes
CE02SHBP-MJ01C-08-CAMDSB107,2026-05-11,0,0 bytes
CE02SHBP-MJ01C-08-CAMDSB107,2026-05-18,0,0 bytes
CE02SHBP-MJ01C-08-CAMDSB107,2026-05-25,0,0 bytes
CE02SHBP-MJ01C-08-CAMDSB107,2026-06-01,0,0 bytes
CE02SHBP-MJ01C-08-CAMDSB107,2026-06-08,0,0 bytes
CE02SHBP-MJ01C-08-CAMDSB107,2026-06-15,0,0 bytes
CE02SHBP-MJ01C-08-CAMDSB107,2026-06-22,0,0 bytes
CE02SHBP-MJ01C-08-CAMDSB107,2026-06-29,0,0 bytes
CE02SHBP-MJ01C-08-CAMDSB107,2026-07-06,0,0 bytes
CE02SHBP-MJ01C-08-CAMDSB107,2026-07-13,0,0 bytes
CE02SHBP-MJ01C-08-CAMDSB107,2026-07-20,0,0 bytes
CE04OSBP-LJ01C-05-ADCPSI103,2026-04-13,660602880,630 MiB
CE04OSBP-LJ01C-05-ADCPSI103,2026-04-20,660602880,630 MiB
CE04OSBP-LJ01C-05-ADCPSI103,2026-04-27,660602880,630 MiB
CE04OSBP-LJ01C-05-ADCPSI103,2026-05-04,660602880,630 MiB
CE04OSBP-LJ01C-05-ADCPSI103,2026-05-11,660602880,630 MiB
CE04OSBP-LJ01C-05-ADCPSI103,2026-05-18,660602880,630 MiB
CE04OSBP-LJ01C-05-ADCPSI103,2026-05-25,660602880,630 MiB
CE04OSBP-LJ01C-05-ADCPSI103,2026-06-01,660602880,630 MiB
CE04OSBP-LJ01C-05-ADCPSI103,2026-06-08,660602880,630 MiB
CE04OSBP-LJ01C-05-ADCPSI103,2026-06-15,660602880,630 MiB
CE04OSBP-LJ01C-05-ADCPSI103,2026-06-22,660602880,630 MiB
CE04OSBP-LJ01C-05-ADCPSI103,2026-06-29,660602880,630 MiB
CE04OSBP-LJ01C-05-ADCPSI103,2026-07-06,660602880,630 MiB
CE04OSBP-LJ01C-05-ADCPSI103,2026-07-13,660602880,630 MiB
CE04OSBP-LJ01C-05-ADCPSI103,2026-07-20,660602880,630 MiB
CE04OSBP-LJ01C-06-CTDBPO108,2026-04-13,32296138,30.8 MiB
CE04OSBP-LJ01C-06-CTDBPO108,2026-04-20,32296138,30.8 MiB
CE04OSBP-LJ01C-06-CTDBPO108,2026-04-27,32296138,30.8 MiB
CE04OSBP-LJ01C-06-CTDBPO108,2026-05-04,32296138,30.8 MiB
CE04OSBP-LJ01C-06-CTDBPO108,2026-05-11,32296138,30.8 MiB
CE04OSBP-LJ01C-06-CTDBPO108,2026-05-18,32296138,30.8 MiB
CE04OSBP-LJ01C-06-CTDBPO108,2026-05-25,32296138,30.8 MiB
CE04OSBP-LJ01C-06-CTDBPO108,2026-06-01,32296138,30.8 MiB
CE04OSBP-LJ01C-06-CTDBPO108,2026-06-08,32296138,30.8 MiB
CE04OSBP-LJ01C-06-CTDBPO108,2026-06-15,32296138,30.8 MiB
CE04OSBP-LJ01C-06-CTDBPO108,2026-06-22,32296138,30.8 MiB
CE04OSBP-LJ01C-06-CTDBPO108,2026-06-29,32296138,30.8 MiB
CE04OSBP-LJ01C-06-CTDBPO108,2026-07-06,32296138,30.8 MiB
CE04OSBP-LJ01C-06-CTDBPO108,2026-07-13,32296138,30.8 MiB
CE04OSBP-LJ01C-06-CTDBPO108,2026-07-20,32296138,30.8 MiB
CE04OSBP-LJ01C-07-VEL3DC107,2026-04-13,220200960,210 MiB
CE04OSBP-LJ01C-07-VEL3DC107,2026-04-20,220200960,210 MiB
CE04OSBP-LJ01C-07-VEL3DC107,2026-04-27,220200960,210 MiB
CE04OSBP-LJ01C-07-VEL3DC107,2026-05-04,220200960,210 MiB
CE04OSBP-LJ01C-07-VEL3DC107,2026-05-11,220200960,210 MiB
CE04OSBP-LJ01C-07-VEL3DC107,2026-05-18,220200960,210 MiB
CE04OSBP-LJ01C-07-VEL3DC107,2026-05-25,220200960,210 MiB
CE04OSBP-LJ01C-07-VEL3DC107,2026-06-01,220200960,210 MiB
CE04OSBP-LJ01C-07-VEL3DC107,2026-06-08,220200960,210 MiB
CE04OSBP-LJ01C-07-VEL3DC107,2026-06-15,220200960,210 MiB
CE04OSBP-LJ01C-07-VEL3DC107,2026-06-22,220200960,210 MiB
CE04OSBP-LJ01C-07-VEL3DC107,2026-06-29,220200960,210 MiB
CE04OSBP-LJ01C-07-VEL3DC107,2026-07-06,220200960,210 MiB
CE04OSBP-LJ01C-07-VEL3DC107,2026-07-13,220200960,210 MiB
CE04OSBP-LJ01C-07-VEL3DC107,2026-07-20,220200960,210 MiB
CE04OSBP-LJ01C-08-OPTAAC104,2026-04-13,95420416,91 MiB
CE04OSBP-LJ01C-08-OPTAAC104,2026-04-20,95420416,91 MiB
CE04OSBP-LJ01C-08-OPTAAC104,2026-04-27,95420416,91 MiB
CE04OSBP-LJ01C-08-OPTAAC104,2026-05-04,95420416,91 MiB
CE04OSBP-LJ01C-08-OPTAAC104,2026-05-11,95420416,91 MiB
CE04OSBP-LJ01C-08-OPTAAC104,2026-05-18,95420416,91 MiB
CE04OSBP-LJ01C-08-OPTAAC104,2026-05-25,95420416,91 MiB
CE04OSBP-LJ01C-08-OPTAAC104,2026-06-01,95420416,91 MiB
CE04OSBP-LJ01C-08-OPTAAC104,2026-06-08,95420416,91 MiB
CE04OSBP-LJ01C-08-OPTAAC104,2026-06-15,95420416,91 MiB
CE04OSBP-LJ01C-08-OPTAAC104,2026-06-22,95420416,91 MiB
CE04OSBP-LJ01C-08-OPTAAC104,2026-06-29,95420416,91 MiB
CE04OSBP-LJ01C-08-OPTAAC104,2026-07-06,95420416,91 MiB
CE04OSBP-LJ01C-08-OPTAAC104,2026-07-13,95420416,91 MiB
CE04OSBP-LJ01C-08-OPTAAC104,2026-07-20,95420416,91 MiB
CE04OSBP-LJ01C-09-PCO2WB104,2026-04-13,69320,67.7 KiB
CE04OSBP-LJ01C-09-PCO2WB104,2026-04-20,69320,67.7 KiB
CE04OSBP-LJ01C-09-PCO2WB104,2026-04-27,69936,68.3 KiB
CE04OSBP-LJ01C-09-PCO2WB104,2026-05-04,69526,67.9 KiB
CE04OSBP-LJ01C-09-PCO2WB104,2026-05-11,69935,68.3 KiB
CE04OSBP-LJ01C-09-PCO2WB104,2026-05-18,70142,68.5 KiB
CE04OSBP-LJ01C-09-PCO2WB104,2026-05-25,70039,68.4 KiB
CE04OSBP-LJ01C-09-PCO2WB104,2026-06-01,69321,67.7 KiB
CE04OSBP-LJ01C-09-PCO2WB104,2026-06-08,68810,67.2 KiB
CE04OSBP-LJ01C-09-PCO2WB104,2026-06-15,69116,67.5 KiB
CE04OSBP-LJ01C-09-PCO2WB104,2026-06-22,69014,67.4 KiB
CE04OSBP-LJ01C-09-PCO2WB104,2026-06-29,69218,67.6 KiB
CE04OSBP-LJ01C-09-PCO2WB104,2026-07-06,69833,68.2 KiB
CE04OSBP-LJ01C-09-PCO2WB104,2026-07-13,69525,67.9 KiB
CE04OSBP-LJ01C-09-PCO2WB104,2026-07-20,68912,67.3 KiB
CE04OSBP-LJ01C-10-PHSEND107,2026-04-13,186368,182 KiB
CE04OSBP-LJ01C-10-PHSEND107,2026-04-20,186368,182 KiB
CE04OSBP-LJ01C-10-PHSEND107,2026-04-27,186368,182 KiB
CE04OSBP-LJ01C-10-PHSEND107,2026-05-04,186368,182 KiB
CE04OSBP-LJ01C-10-PHSEND107,2026-05-11,186368,182 KiB
CE04OSBP-LJ01C-10-PHSEND107,2026-05-18,186368,182 KiB
CE04OSBP-LJ01C-10-PHSEND107,2026-05-25,186368,182 KiB
CE04OSBP-LJ01C-10-PHSEND107,2026-06-01,186368,182 KiB
CE04OSBP-LJ01C-10-PHSEND107,2026-06-08,186368,182 KiB
CE04OSBP-LJ01C-10-PHSEND107,2026-06-15,186368,182 KiB
CE04OSBP-LJ01C-10-PHSEND107,2026-06-22,186368,182 KiB
CE04OSBP-LJ01C-10-PHSEND107,2026-06-29,186368,182 KiB
CE04OSBP-LJ01C-10-PHSEND107,2026-07-06,186368,182 KiB
CE04OSBP-LJ01C-10-PHSEND107,2026-07-13,186368,182 KiB
CE04OSBP-LJ01C-10-PHSEND107,2026-07-20,186368,182 KiB
CE04OSBP-LJ01C-11-HYDBBA105,2026-04-13,0,0 bytes
CE04OSBP-LJ01C-11-HYDBBA105,2026-04-20,0,0 bytes
CE04OSBP-LJ01C-11-HYDBBA105,2026-04-27,0,0 bytes
CE04OSBP-LJ01C-11-HYDBBA105,2026-05-04,0,0 bytes
CE04OSBP-LJ01C-11-HYDBBA105,2026-05-11,0,0 bytes
CE04OSBP-LJ01C-11-HYDBBA105,2026-05-18,0,0 bytes
CE04OSBP-LJ01C-11-HYDBBA105,2026-05-25,0,0 bytes
CE04OSBP-LJ01C-11-HYDBBA105,2026-06-01,0,0 bytes
CE04OSBP-LJ01C-11-HYDBBA105,2026-06-08,0,0 bytes
CE04OSBP-LJ01C-11-HYDBBA105,2026-06-15,0,0 bytes
CE04OSBP-LJ01C-11-HYDBBA105,2026-06-22,0,0 bytes
CE04OSBP-LJ01C-11-HYDBBA105,2026-06-29,0,0 bytes
CE04OSBP-LJ01C-11-HYDBBA105,2026-07-06,0,0 bytes
CE04OSBP-LJ01C-11-HYDBBA105,2026-07-13,0,0 bytes
CE04OSBP-LJ01C-11-HYDBBA105,2026-07-20,0,0 bytes
CE04OSBP-LV01C-06-CAMDSB106,2026-04-13,10239868680,9.54 GiB
CE04OSBP-LV01C-06-CAMDSB106,2026-04-20,9998171868,9.31 GiB
CE04OSBP-LV01C-06-CAMDSB106,2026-04-27,10005721649,9.32 GiB
CE04OSBP-LV01C-06-CAMDSB106,2026-05-04,9977410074,9.29 GiB
CE04OSBP-LV01C-06-CAMDSB106,2026-05-11,9953502452,9.27 GiB
CE04OSBP-LV01C-06-CAMDSB106,2026-05-18,9924666604,9.24 GiB
CE04OSBP-LV01C-06-CAMDSB106,2026-05-25,10003624483,9.32 GiB
CE04OSBP-LV01C-06-CAMDSB106,2026-06-01,9877585493,9.2 GiB
CE04OSBP-LV01C-06-CAMDSB106,2026-06-08,9793279874,9.12 GiB
CE04OSBP-LV01C-06-CAMDSB106,2026-06-15,9810371694,9.14 GiB
CE04OSBP-LV01C-06-CAMDSB106,2026-06-22,9786359309,9.11 GiB
CE04OSBP-LV01C-06-CAMDSB106,2026-06-29,9810266865,9.14 GiB
CE04OSBP-LV01C-06-CAMDSB106,2026-07-06,9873915378,9.2 GiB
CE04OSBP-LV01C-06-CAMDSB106,2026-07-13,9889014929,9.21 GiB
CE04OSBP-LV01C-06-CAMDSB106,2026-07-20,9826205220,9.15 GiB
CE04OSPS-PC01B-4A-CTDPFA109,2026-04-13,32296138,30.8 MiB
CE04OSPS-PC01B-4A-CTDPFA109,2026-04-20,32296138,30.8 MiB
CE04OSPS-PC01B-4A-CTDPFA109,2026-04-27,32296138,30.8 MiB
CE04OSPS-PC01B-4A-CTDPFA109,2026-05-04,32296138,30.8 MiB
CE04OSPS-PC01B-4A-CTDPFA109,2026-05-11,32296138,30.8 MiB
CE04OSPS-PC01B-4A-CTDPFA109,2026-05-18,32296138,30.8 MiB
CE04OSPS-PC01B-4A-CTDPFA109,2026-05-25,32296138,30.8 MiB
CE04OSPS-PC01B-4A-CTDPFA109,2026-06-01,32296138,30.8 MiB
CE04OSPS-PC01B-4A-CTDPFA109,2026-06-08,32296138,30.8 MiB
CE04OSPS-PC01B-4A-CTDPFA109,2026-06-15,32296138,30.8 MiB
CE04OSPS-PC01B-4A-CTDPFA109,2026-06-22,32296138,30.8 MiB
CE04OSPS-PC01B-4A-CTDPFA109,2026-06-29,32296138,30.8 MiB
CE04OSPS-PC01B-4A-CTDPFA109,2026-07-06,32296138,30.8 MiB
CE04OSPS-PC01B-4A-CTDPFA109,2026-07-13,32296138,30.8 MiB
CE04OSPS-PC01B-4A-CTDPFA109,2026-07-20,32296138,30.8 MiB
CE04OSPS-PC01B-4B-PHSENA106,2026-04-13,0,0 bytes
CE04OSPS-PC01B-4B-PHSENA106,2026-04-20,0,0 bytes
CE04OSPS-PC01B-4B-PHSENA106,2026-04-27,0,0 bytes
CE04OSPS-PC01B-4B-PHSENA106,2026-05-04,0,0 bytes
CE04OSPS-PC01B-4B-PHSENA106,2026-05-11,0,0 bytes
CE04OSPS-PC01B-4B-PHSENA106,2026-05-18,0,0 bytes
CE04OSPS-PC01B-4B-PHSENA106,2026-05-25,0,0 bytes
CE04OSPS-PC01B-4B-PHSENA106,2026-06-01,0,0 bytes
CE04OSPS-PC01B-4B-PHSENA106,2026-06-08,0,0 bytes
CE04OSPS-PC01B-4B-PHSENA106,2026-06-15,0,0 bytes
CE04OSPS-PC01B-4B-PHSENA106,2026-06-22,0,0 bytes
CE04OSPS-PC01B-4B-PHSENA106,2026-06-29,0,0 bytes
CE04OSPS-PC01B-4B-PHSENA106,2026-07-06,0,0 bytes
CE04OSPS-PC01B-4B-PHSENA106,2026-07-13,0,0 bytes
CE04OSPS-PC01B-4B-PHSENA106,2026-07-20,0,0 bytes
CE04OSPS-PC01B-4C-PHSENH109,2026-04-13,143360,140 KiB
CE04OSPS-PC01B-4C-PHSENH109,2026-04-20,144384,141 KiB
CE04OSPS-PC01B-4C-PHSENH109,2026-04-27,143360,140 KiB
CE04OSPS-PC01B-4C-PHSENH109,2026-05-04,143360,140 KiB
CE04OSPS-PC01B-4C-PHSENH109,2026-05-11,143360,140 KiB
CE04OSPS-PC01B-4C-PHSENH109,2026-05-18,143360,140 KiB
CE04OSPS-PC01B-4C-PHSENH109,2026-05-25,144384,141 KiB
CE04OSPS-PC01B-4C-PHSENH109,2026-06-01,145408,142 KiB
CE04OSPS-PC01B-4C-PHSENH109,2026-06-08,143360,140 KiB
CE04OSPS-PC01B-4C-PHSENH109,2026-06-15,143360,140 KiB
CE04OSPS-PC01B-4C-PHSENH109,2026-06-22,143360,140 KiB
CE04OSPS-PC01B-4C-PHSENH109,2026-06-29,144384,141 KiB
CE04OSPS-PC01B-4C-PHSENH109,2026-07-06,143360,140 KiB
CE04OSPS-PC01B-4C-PHSENH109,2026-07-13,143360,140 KiB
CE04OSPS-PC01B-4C-PHSENH109,2026-07-20,143360,140 KiB
CE04OSPS-PC01B-4D-PCO2WA105,2026-04-13,69524,67.89 KiB
CE04OSPS-PC01B-4D-PCO2WA105,2026-04-20,69936,68.3 KiB
CE04OSPS-PC01B-4D-PCO2WA105,2026-04-27,69731,68.1 KiB
CE04OSPS-PC01B-4D-PCO2WA105,2026-05-04,69629,68 KiB
CE04OSPS-PC01B-4D-PCO2WA105,2026-05-11,69526,67.9 KiB
CE04OSPS-PC01B-4D-PCO2WA105,2026-05-18,69320,67.7 KiB
CE04OSPS-PC01B-4D-PCO2WA105,2026-05-25,69628,68 KiB
CE04OSPS-PC01B-4D-PCO2WA105,2026-06-01,69730,68.1 KiB
CE04OSPS-PC01B-4D-PCO2WA105,2026-06-08,69320,67.7 KiB
CE04OSPS-PC01B-4D-PCO2WA105,2026-06-15,69730,68.1 KiB
CE04OSPS-PC01B-4D-PCO2WA105,2026-06-22,69525,67.9 KiB
CE04OSPS-PC01B-4D-PCO2WA105,2026-06-29,69423,67.8 KiB
CE04OSPS-PC01B-4D-PCO2WA105,2026-07-06,69731,68.1 KiB
CE04OSPS-PC01B-4D-PCO2WA105,2026-07-13,69525,67.9 KiB
CE04OSPS-PC01B-4D-PCO2WA105,2026-07-20,69525,67.9 KiB
CE04OSPS-SF01B-2A-CTDPFA107,2026-04-13,26424111,25.2 MiB
CE04OSPS-SF01B-2A-CTDPFA107,2026-04-20,26424111,25.2 MiB
CE04OSPS-SF01B-2A-CTDPFA107,2026-04-27,26424111,25.2 MiB
CE04OSPS-SF01B-2A-CTDPFA107,2026-05-04,26424111,25.2 MiB
CE04OSPS-SF01B-2A-CTDPFA107,2026-05-11,26424111,25.2 MiB
CE04OSPS-SF01B-2A-CTDPFA107,2026-05-18,26424111,25.2 MiB
CE04OSPS-SF01B-2A-CTDPFA107,2026-05-25,26424111,25.2 MiB
CE04OSPS-SF01B-2A-CTDPFA107,2026-06-01,26424111,25.2 MiB
CE04OSPS-SF01B-2A-CTDPFA107,2026-06-08,26424111,25.2 MiB
CE04OSPS-SF01B-2A-CTDPFA107,2026-06-15,26424111,25.2 MiB
CE04OSPS-SF01B-2A-CTDPFA107,2026-06-22,26424111,25.2 MiB
CE04OSPS-SF01B-2A-CTDPFA107,2026-06-29,26424111,25.2 MiB
CE04OSPS-SF01B-2A-CTDPFA107,2026-07-06,26424111,25.2 MiB
CE04OSPS-SF01B-2A-CTDPFA107,2026-07-13,26424111,25.2 MiB
CE04OSPS-SF01B-2A-CTDPFA107,2026-07-20,26424111,25.2 MiB
CE04OSPS-SF01B-2B-PHSENA108,2026-04-13,224256,219 KiB
CE04OSPS-SF01B-2B-PHSENA108,2026-04-20,222208,217 KiB
CE04OSPS-SF01B-2B-PHSENA108,2026-04-27,222208,217 KiB
CE04OSPS-SF01B-2B-PHSENA108,2026-05-04,222208,217 KiB
CE04OSPS-SF01B-2B-PHSENA108,2026-05-11,222208,217 KiB
CE04OSPS-SF01B-2B-PHSENA108,2026-05-18,222208,217 KiB
CE04OSPS-SF01B-2B-PHSENA108,2026-05-25,222208,217 KiB
CE04OSPS-SF01B-2B-PHSENA108,2026-06-01,222208,217 KiB
CE04OSPS-SF01B-2B-PHSENA108,2026-06-08,224256,219 KiB
CE04OSPS-SF01B-2B-PHSENA108,2026-06-15,221184,216 KiB
CE04OSPS-SF01B-2B-PHSENA108,2026-06-22,222208,217 KiB
CE04OSPS-SF01B-2B-PHSENA108,2026-06-29,222208,217 KiB
CE04OSPS-SF01B-2B-PHSENA108,2026-07-06,222208,217 KiB
CE04OSPS-SF01B-2B-PHSENA108,2026-07-13,223232,218 KiB
CE04OSPS-SF01B-2B-PHSENA108,2026-07-20,222208,217 KiB
CE04OSPS-SF01B-3A-FLORTD104,2026-04-13,38168165,36.4 MiB
CE04OSPS-SF01B-3A-FLORTD104,2026-04-20,38168165,36.4 MiB
CE04OSPS-SF01B-3A-FLORTD104,2026-04-27,38168165,36.4 MiB
CE04OSPS-SF01B-3A-FLORTD104,2026-05-04,38168165,36.4 MiB
CE04OSPS-SF01B-3A-FLORTD104,2026-05-11,38168165,36.4 MiB
CE04OSPS-SF01B-3A-FLORTD104,2026-05-18,38168165,36.4 MiB
CE04OSPS-SF01B-3A-FLORTD104,2026-05-25,37748733,36 MiB
CE04OSPS-SF01B-3A-FLORTD104,2026-06-01,38063307,36.3 MiB
CE04OSPS-SF01B-3A-FLORTD104,2026-06-08,38168165,36.4 MiB
CE04OSPS-SF01B-3A-FLORTD104,2026-06-15,38168165,36.4 MiB
CE04OSPS-SF01B-3A-FLORTD104,2026-06-22,38168165,36.4 MiB
CE04OSPS-SF01B-3A-FLORTD104,2026-06-29,38168165,36.4 MiB
CE04OSPS-SF01B-3A-FLORTD104,2026-07-06,38168165,36.4 MiB
CE04OSPS-SF01B-3A-FLORTD104,2026-07-13,38168165,36.4 MiB
CE04OSPS-SF01B-3A-FLORTD104,2026-07-20,38168165,36.4 MiB
CE04OSPS-SF01B-3B-OPTAAD105,2026-04-13,176160768,168 MiB
CE04OSPS-SF01B-3B-OPTAAD105,2026-04-20,176160768,168 MiB
CE04OSPS-SF01B-3B-OPTAAD105,2026-04-27,176160768,168 MiB
CE04OSPS-SF01B-3B-OPTAAD105,2026-05-04,176160768,168 MiB
CE04OSPS-SF01B-3B-OPTAAD105,2026-05-11,176160768,168 MiB
CE04OSPS-SF01B-3B-OPTAAD105,2026-05-18,176160768,168 MiB
CE04OSPS-SF01B-3B-OPTAAD105,2026-05-25,176160768,168 MiB
CE04OSPS-SF01B-3B-OPTAAD105,2026-06-01,176160768,168 MiB
CE04OSPS-SF01B-3B-OPTAAD105,2026-06-08,176160768,168 MiB
CE04OSPS-SF01B-3B-OPTAAD105,2026-06-15,176160768,168 MiB
CE04OSPS-SF01B-3B-OPTAAD105,2026-06-22,176160768,168 MiB
CE04OSPS-SF01B-3B-OPTAAD105,2026-06-29,176160768,168 MiB
CE04OSPS-SF01B-3B-OPTAAD105,2026-07-06,176160768,168 MiB
CE04OSPS-SF01B-3B-OPTAAD105,2026-07-13,176160768,168 MiB
CE04OSPS-SF01B-3B-OPTAAD105,2026-07-20,176160768,168 MiB
CE04OSPS-SF01B-3C-PARADA102,2026-04-13,73400320,70 MiB
CE04OSPS-SF01B-3C-PARADA102,2026-04-20,73400320,70 MiB
CE04OSPS-SF01B-3C-PARADA102,2026-04-27,73400320,70 MiB
CE04OSPS-SF01B-3C-PARADA102,2026-05-04,73190604,69.8 MiB
CE04OSPS-SF01B-3C-PARADA102,2026-05-11,73400320,70 MiB
CE04OSPS-SF01B-3C-PARADA102,2026-05-18,73400320,70 MiB
CE04OSPS-SF01B-3C-PARADA102,2026-05-25,73400320,70 MiB
CE04OSPS-SF01B-3C-PARADA102,2026-06-01,73400320,70 MiB
CE04OSPS-SF01B-3C-PARADA102,2026-06-08,73400320,70 MiB
CE04OSPS-SF01B-3C-PARADA102,2026-06-15,73400320,70 MiB
CE04OSPS-SF01B-3C-PARADA102,2026-06-22,73400320,70 MiB
CE04OSPS-SF01B-3C-PARADA102,2026-06-29,73400320,70 MiB
CE04OSPS-SF01B-3C-PARADA102,2026-07-06,73400320,70 MiB
CE04OSPS-SF01B-3C-PARADA102,2026-07-13,73400320,70 MiB
CE04OSPS-SF01B-3C-PARADA102,2026-07-20,73400320,70 MiB
CE04OSPS-SF01B-3D-SPKIRA102,2026-04-13,183500800,175 MiB
CE04OSPS-SF01B-3D-SPKIRA102,2026-04-20,183500800,175 MiB
CE04OSPS-SF01B-3D-SPKIRA102,2026-04-27,183500800,175 MiB
CE04OSPS-SF01B-3D-SPKIRA102,2026-05-04,183500800,175 MiB
CE04OSPS-SF01B-3D-SPKIRA102,2026-05-11,183500800,175 MiB
CE04OSPS-SF01B-3D-SPKIRA102,2026-05-18,183500800,175 MiB
CE04OSPS-SF01B-3D-SPKIRA102,2026-05-25,183500800,175 MiB
CE04OSPS-SF01B-3D-SPKIRA102,2026-06-01,183500800,175 MiB
CE04OSPS-SF01B-3D-SPKIRA102,2026-06-08,183500800,175 MiB
CE04OSPS-SF01B-3D-SPKIRA102,2026-06-15,183500800,175 MiB
CE04OSPS-SF01B-3D-SPKIRA102,2026-06-22,183500800,175 MiB
CE04OSPS-SF01B-3D-SPKIRA102,2026-06-29,183500800,175 MiB
CE04OSPS-SF01B-3D-SPKIRA102,2026-07-06,183500800,175 MiB
CE04OSPS-SF01B-3D-SPKIRA102,2026-07-13,183500800,175 MiB
CE04OSPS-SF01B-3D-SPKIRA102,2026-07-20,183500800,175 MiB
CE04OSPS-SF01B-4A-NUTNRA102,2026-04-13,42257609,40.3 MiB
CE04OSPS-SF01B-4A-NUTNRA102,2026-04-20,41313892,39.4 MiB
CE04OSPS-SF01B-4A-NUTNRA102,2026-04-27,40684747,38.8 MiB
CE04OSPS-SF01B-4A-NUTNRA102,2026-05-04,40055602,38.2 MiB
CE04OSPS-SF01B-4A-NUTNRA102,2026-05-11,39426454,37.6 MiB
CE04OSPS-SF01B-4A-NUTNRA102,2026-05-18,38902164,37.1 MiB
CE04OSPS-SF01B-4A-NUTNRA102,2026-05-25,38482736,36.7 MiB
CE04OSPS-SF01B-4A-NUTNRA102,2026-06-01,37643875,35.9 MiB
CE04OSPS-SF01B-4A-NUTNRA102,2026-06-08,37643875,35.9 MiB
CE04OSPS-SF01B-4A-NUTNRA102,2026-06-15,36805017,35.1 MiB
CE04OSPS-SF01B-4A-NUTNRA102,2026-06-22,36280728,34.6 MiB
CE04OSPS-SF01B-4A-NUTNRA102,2026-06-29,35966154,34.3 MiB
CE04OSPS-SF01B-4A-NUTNRA102,2026-07-06,35756438,34.1 MiB
CE04OSPS-SF01B-4A-NUTNRA102,2026-07-13,35232149,33.6 MiB
CE04OSPS-SF01B-4A-NUTNRA102,2026-07-20,35022434,33.4 MiB
CE04OSPS-SF01B-4B-VELPTD106,2026-04-13,35232148,33.6 MiB
CE04OSPS-SF01B-4B-VELPTD106,2026-04-20,35232148,33.6 MiB
CE04OSPS-SF01B-4B-VELPTD106,2026-04-27,35232148,33.6 MiB
CE04OSPS-SF01B-4B-VELPTD106,2026-05-04,35232148,33.6 MiB
CE04OSPS-SF01B-4B-VELPTD106,2026-05-11,35232148,33.6 MiB
CE04OSPS-SF01B-4B-VELPTD106,2026-05-18,35232148,33.6 MiB
CE04OSPS-SF01B-4B-VELPTD106,2026-05-25,35232148,33.6 MiB
CE04OSPS-SF01B-4B-VELPTD106,2026-06-01,35232148,33.6 MiB
CE04OSPS-SF01B-4B-VELPTD106,2026-06-08,35232148,33.6 MiB
CE04OSPS-SF01B-4B-VELPTD106,2026-06-15,35232148,33.6 MiB
CE04OSPS-SF01B-4B-VELPTD106,2026-06-22,35232148,33.6 MiB
CE04OSPS-SF01B-4B-VELPTD106,2026-06-29,35232148,33.6 MiB
CE04OSPS-SF01B-4B-VELPTD106,2026-07-06,35232148,33.6 MiB
CE04OSPS-SF01B-4B-VELPTD106,2026-07-13,35232148,33.6 MiB
CE04OSPS-SF01B-4B-VELPTD106,2026-07-20,35232148,33.6 MiB
CE04OSPS-SF01B-4F-PCO2WA102,2026-04-13,33379,32.6 KiB
CE04OSPS-SF01B-4F-PCO2WA102,2026-04-20,33072,32.3 KiB
CE04OSPS-SF01B-4F-PCO2WA102,2026-04-27,33276,32.5 KiB
CE04OSPS-SF01B-4F-PCO2WA102,2026-05-04,32766,32 KiB
CE04OSPS-SF01B-4F-PCO2WA102,2026-05-11,33073,32.3 KiB
CE04OSPS-SF01B-4F-PCO2WA102,2026-05-18,32868,32.1 KiB
CE04OSPS-SF01B-4F-PCO2WA102,2026-05-25,33174,32.4 KiB
CE04OSPS-SF01B-4F-PCO2WA102,2026-06-01,33174,32.4 KiB
CE04OSPS-SF01B-4F-PCO2WA102,2026-06-08,33175,32.4 KiB
CE04OSPS-SF01B-4F-PCO2WA102,2026-06-15,32969,32.2 KiB
CE04OSPS-SF01B-4F-PCO2WA102,2026-06-22,33174,32.4 KiB
CE04OSPS-SF01B-4F-PCO2WA102,2026-06-29,33276,32.5 KiB
CE04OSPS-SF01B-4F-PCO2WA102,2026-07-06,33276,32.5 KiB
CE04OSPS-SF01B-4F-PCO2WA102,2026-07-13,33174,32.4 KiB
CE04OSPS-SF01B-4F-PCO2WA102,2026-07-20,33174,32.4 KiB
RS01SBPS-PC01A-05-ADCPTD102,2026-04-13,660602880,630 MiB
RS01SBPS-PC01A-05-ADCPTD102,2026-04-20,660602880,630 MiB
RS01SBPS-PC01A-05-ADCPTD102,2026-04-27,660602880,630 MiB
RS01SBPS-PC01A-05-ADCPTD102,2026-05-04,660602880,630 MiB
RS01SBPS-PC01A-05-ADCPTD102,2026-05-11,660602880,630 MiB
RS01SBPS-PC01A-05-ADCPTD102,2026-05-18,660602880,630 MiB
RS01SBPS-PC01A-05-ADCPTD102,2026-05-25,660602880,630 MiB
RS01SBPS-PC01A-05-ADCPTD102,2026-06-01,660602880,630 MiB
RS01SBPS-PC01A-05-ADCPTD102,2026-06-08,660602880,630 MiB
RS01SBPS-PC01A-05-ADCPTD102,2026-06-15,660602880,630 MiB
RS01SBPS-PC01A-05-ADCPTD102,2026-06-22,660602880,630 MiB
RS01SBPS-PC01A-05-ADCPTD102,2026-06-29,660602880,630 MiB
RS01SBPS-PC01A-05-ADCPTD102,2026-07-06,660602880,630 MiB
RS01SBPS-PC01A-05-ADCPTD102,2026-07-13,660602880,630 MiB
RS01SBPS-PC01A-05-ADCPTD102,2026-07-20,660602880,630 MiB
RS01SBPS-PC01A-06-VADCPB101,2026-04-13,2187329536,2.04 GiB
RS01SBPS-PC01A-06-VADCPB101,2026-04-20,2185232384,2.04 GiB
RS01SBPS-PC01A-06-VADCPB101,2026-04-27,2187329536,2.04 GiB
RS01SBPS-PC01A-06-VADCPB101,2026-05-04,2187329536,2.04 GiB
RS01SBPS-PC01A-06-VADCPB101,2026-05-11,2186280960,2.04 GiB
RS01SBPS-PC01A-06-VADCPB101,2026-05-18,2187329536,2.04 GiB
RS01SBPS-PC01A-06-VADCPB101,2026-05-25,2183135232,2.03 GiB
RS01SBPS-PC01A-06-VADCPB101,2026-06-01,2179989504,2.03 GiB
RS01SBPS-PC01A-06-VADCPB101,2026-06-08,2177892352,2.03 GiB
RS01SBPS-PC01A-06-VADCPB101,2026-06-15,2179989504,2.03 GiB
RS01SBPS-PC01A-06-VADCPB101,2026-06-22,2216689664,2.06 GiB
RS01SBPS-PC01A-06-VADCPB101,2026-06-29,2194669568,2.04 GiB
RS01SBPS-PC01A-06-VADCPB101,2026-07-06,2192572416,2.04 GiB
RS01SBPS-PC01A-06-VADCPB101,2026-07-13,2218786816,2.07 GiB
RS01SBPS-PC01A-06-VADCPB101,2026-07-20,2205155328,2.05 GiB
RS01SBPS-PC01A-07-CAMDSC102,2026-04-13,15929966592,14.84 GiB
RS01SBPS-PC01A-07-CAMDSC102,2026-04-20,10437525504,9.72 GiB
RS01SBPS-PC01A-07-CAMDSC102,2026-04-27,22199507353,20.67 GiB
RS01SBPS-PC01A-07-CAMDSC102,2026-05-04,22153265152,20.63 GiB
RS01SBPS-PC01A-07-CAMDSC102,2026-05-11,22225616896,20.7 GiB
RS01SBPS-PC01A-07-CAMDSC102,2026-05-18,22201499648,20.68 GiB
RS01SBPS-PC01A-07-CAMDSC102,2026-05-25,22226665472,20.7 GiB
RS01SBPS-PC01A-07-CAMDSC102,2026-06-01,22135439360,20.62 GiB
RS01SBPS-PC01A-07-CAMDSC102,2026-06-08,22205693952,20.68 GiB
RS01SBPS-PC01A-07-CAMDSC102,2026-06-15,22201499648,20.68 GiB
RS01SBPS-PC01A-07-CAMDSC102,2026-06-22,22196256768,20.67 GiB
RS01SBPS-PC01A-07-CAMDSC102,2026-06-29,22229811200,20.7 GiB
RS01SBPS-PC01A-07-CAMDSC102,2026-07-06,22312648704,20.78 GiB
RS01SBPS-PC01A-07-CAMDSC102,2026-07-13,22450012160,20.91 GiB
RS01SBPS-PC01A-07-CAMDSC102,2026-07-20,22530752512,20.98 GiB
RS01SBPS-PC01A-08-HYDBBA103,2026-04-13,60537553561,56.38 GiB
RS01SBPS-PC01A-08-HYDBBA103,2026-04-20,52379005546,48.78 GiB
RS01SBPS-PC01A-08-HYDBBA103,2026-04-27,80420745995,74.9 GiB
RS01SBPS-PC01A-08-HYDBBA103,2026-05-04,71858074346,66.92 GiB
RS01SBPS-PC01A-08-HYDBBA103,2026-05-11,43234256457,40.27 GiB
RS01SBPS-PC01A-08-HYDBBA103,2026-05-18,77942367830,72.59 GiB
RS01SBPS-PC01A-08-HYDBBA103,2026-05-25,77264452744,71.96 GiB
RS01SBPS-PC01A-08-HYDBBA103,2026-06-01,82961445602,77.26 GiB
RS01SBPS-PC01A-08-HYDBBA103,2026-06-08,78859730866,73.44 GiB
RS01SBPS-PC01A-08-HYDBBA103,2026-06-15,51598642380,48.05 GiB
RS01SBPS-PC01A-08-HYDBBA103,2026-06-22,15775196724,14.69 GiB
RS01SBPS-PC01A-08-HYDBBA103,2026-06-29,35213069516,32.79 GiB
RS01SBPS-PC01A-08-HYDBBA103,2026-07-06,48352624640,45.03 GiB
RS01SBPS-PC01A-08-HYDBBA103,2026-07-13,41926262784,39.05 GiB
RS01SBPS-PC01A-08-HYDBBA103,2026-07-20,60839218377,56.66 GiB
RS01SBPS-PC01A-4A-CTDPFA103,2026-04-13,32296138,30.8 MiB
RS01SBPS-PC01A-4A-CTDPFA103,2026-04-20,32296138,30.8 MiB
RS01SBPS-PC01A-4A-CTDPFA103,2026-04-27,32296138,30.8 MiB
RS01SBPS-PC01A-4A-CTDPFA103,2026-05-04,32296138,30.8 MiB
RS01SBPS-PC01A-4A-CTDPFA103,2026-05-11,32296138,30.8 MiB
RS01SBPS-PC01A-4A-CTDPFA103,2026-05-18,32296138,30.8 MiB
RS01SBPS-PC01A-4A-CTDPFA103,2026-05-25,32296138,30.8 MiB
RS01SBPS-PC01A-4A-CTDPFA103,2026-06-01,32296138,30.8 MiB
RS01SBPS-PC01A-4A-CTDPFA103,2026-06-08,32296138,30.8 MiB
RS01SBPS-PC01A-4A-CTDPFA103,2026-06-15,32296138,30.8 MiB
RS01SBPS-PC01A-4A-CTDPFA103,2026-06-22,32296138,30.8 MiB
RS01SBPS-PC01A-4A-CTDPFA103,2026-06-29,32296138,30.8 MiB
RS01SBPS-PC01A-4A-CTDPFA103,2026-07-06,32296138,30.8 MiB
RS01SBPS-PC01A-4A-CTDPFA103,2026-07-13,32296138,30.8 MiB
RS01SBPS-PC01A-4A-CTDPFA103,2026-07-20,32296138,30.8 MiB
RS01SBPS-PC01A-4B-PHSENA102,2026-04-13,186368,182 KiB
RS01SBPS-PC01A-4B-PHSENA102,2026-04-20,186368,182 KiB
RS01SBPS-PC01A-4B-PHSENA102,2026-04-27,186368,182 KiB
RS01SBPS-PC01A-4B-PHSENA102,2026-05-04,186368,182 KiB
RS01SBPS-PC01A-4B-PHSENA102,2026-05-11,186368,182 KiB
RS01SBPS-PC01A-4B-PHSENA102,2026-05-18,186368,182 KiB
RS01SBPS-PC01A-4B-PHSENA102,2026-05-25,186368,182 KiB
RS01SBPS-PC01A-4B-PHSENA102,2026-06-01,186368,182 KiB
RS01SBPS-PC01A-4B-PHSENA102,2026-06-08,186368,182 KiB
RS01SBPS-PC01A-4B-PHSENA102,2026-06-15,186368,182 KiB
RS01SBPS-PC01A-4B-PHSENA102,2026-06-22,186368,182 KiB
RS01SBPS-PC01A-4B-PHSENA102,2026-06-29,186368,182 KiB
RS01SBPS-PC01A-4B-PHSENA102,2026-07-06,186368,182 KiB
RS01SBPS-PC01A-4B-PHSENA102,2026-07-13,186368,182 KiB
RS01SBPS-PC01A-4B-PHSENA102,2026-07-20,186368,182 KiB
RS01SBPS-PC01A-4C-FLORDD103,2026-04-13,38168165,36.4 MiB
RS01SBPS-PC01A-4C-FLORDD103,2026-04-20,37643875,35.9 MiB
RS01SBPS-PC01A-4C-FLORDD103,2026-04-27,38168165,36.4 MiB
RS01SBPS-PC01A-4C-FLORDD103,2026-05-04,38168165,36.4 MiB
RS01SBPS-PC01A-4C-FLORDD103,2026-05-11,37853591,36.1 MiB
RS01SBPS-PC01A-4C-FLORDD103,2026-05-18,38168165,36.4 MiB
RS01SBPS-PC01A-4C-FLORDD103,2026-05-25,38168165,36.4 MiB
RS01SBPS-PC01A-4C-FLORDD103,2026-06-01,37853591,36.1 MiB
RS01SBPS-PC01A-4C-FLORDD103,2026-06-08,38168165,36.4 MiB
RS01SBPS-PC01A-4C-FLORDD103,2026-06-15,37853591,36.1 MiB
RS01SBPS-PC01A-4C-FLORDD103,2026-06-22,38168165,36.4 MiB
RS01SBPS-PC01A-4C-FLORDD103,2026-06-29,38063307,36.3 MiB
RS01SBPS-PC01A-4C-FLORDD103,2026-07-06,38063307,36.3 MiB
RS01SBPS-PC01A-4C-FLORDD103,2026-07-13,38168165,36.4 MiB
RS01SBPS-PC01A-4C-FLORDD103,2026-07-20,37853591,36.1 MiB
RS01SBPS-SF01A-2A-CTDPFA102,2026-04-13,26424111,25.2 MiB
RS01SBPS-SF01A-2A-CTDPFA102,2026-04-20,26424111,25.2 MiB
RS01SBPS-SF01A-2A-CTDPFA102,2026-04-27,26424111,25.2 MiB
RS01SBPS-SF01A-2A-CTDPFA102,2026-05-04,26424111,25.2 MiB
RS01SBPS-SF01A-2A-CTDPFA102,2026-05-11,26424111,25.2 MiB
RS01SBPS-SF01A-2A-CTDPFA102,2026-05-18,26424111,25.2 MiB
RS01SBPS-SF01A-2A-CTDPFA102,2026-05-25,26424111,25.2 MiB
RS01SBPS-SF01A-2A-CTDPFA102,2026-06-01,26424111,25.2 MiB
RS01SBPS-SF01A-2A-CTDPFA102,2026-06-08,26424111,25.2 MiB
RS01SBPS-SF01A-2A-CTDPFA102,2026-06-15,26424111,25.2 MiB
RS01SBPS-SF01A-2A-CTDPFA102,2026-06-22,26424111,25.2 MiB
RS01SBPS-SF01A-2A-CTDPFA102,2026-06-29,26424111,25.2 MiB
RS01SBPS-SF01A-2A-CTDPFA102,2026-07-06,26424111,25.2 MiB
RS01SBPS-SF01A-2A-CTDPFA102,2026-07-13,26424111,25.2 MiB
RS01SBPS-SF01A-2A-CTDPFA102,2026-07-20,22463075,21.42 MiB
RS01SBPS-SF01A-2D-PHSENA101,2026-04-13,222208,217 KiB
RS01SBPS-SF01A-2D-PHSENA101,2026-04-20,222208,217 KiB
RS01SBPS-SF01A-2D-PHSENA101,2026-04-27,222208,217 KiB
RS01SBPS-SF01A-2D-PHSENA101,2026-05-04,221184,216 KiB
RS01SBPS-SF01A-2D-PHSENA101,2026-05-11,220160,215 KiB
RS01SBPS-SF01A-2D-PHSENA101,2026-05-18,220160,215 KiB
RS01SBPS-SF01A-2D-PHSENA101,2026-05-25,220160,215 KiB
RS01SBPS-SF01A-2D-PHSENA101,2026-06-01,216064,211 KiB
RS01SBPS-SF01A-2D-PHSENA101,2026-06-08,222208,217 KiB
RS01SBPS-SF01A-2D-PHSENA101,2026-06-15,220160,215 KiB
RS01SBPS-SF01A-2D-PHSENA101,2026-06-22,223232,218 KiB
RS01SBPS-SF01A-2D-PHSENA101,2026-06-29,222208,217 KiB
RS01SBPS-SF01A-2D-PHSENA101,2026-07-06,221184,216 KiB
RS01SBPS-SF01A-2D-PHSENA101,2026-07-13,208896,204 KiB
RS01SBPS-SF01A-2D-PHSENA101,2026-07-20,187392,183 KiB
RS01SBPS-SF01A-3A-FLORTD101,2026-04-13,38168165,36.4 MiB
RS01SBPS-SF01A-3A-FLORTD101,2026-04-20,37643875,35.9 MiB
RS01SBPS-SF01A-3A-FLORTD101,2026-04-27,38063307,36.3 MiB
RS01SBPS-SF01A-3A-FLORTD101,2026-05-04,38168165,36.4 MiB
RS01SBPS-SF01A-3A-FLORTD101,2026-05-11,37748733,36 MiB
RS01SBPS-SF01A-3A-FLORTD101,2026-05-18,37748733,36 MiB
RS01SBPS-SF01A-3A-FLORTD101,2026-05-25,37539017,35.8 MiB
RS01SBPS-SF01A-3A-FLORTD101,2026-06-01,37434159,35.7 MiB
RS01SBPS-SF01A-3A-FLORTD101,2026-06-08,37434159,35.7 MiB
RS01SBPS-SF01A-3A-FLORTD101,2026-06-15,37434159,35.7 MiB
RS01SBPS-SF01A-3A-FLORTD101,2026-06-22,37853591,36.1 MiB
RS01SBPS-SF01A-3A-FLORTD101,2026-06-29,37434159,35.7 MiB
RS01SBPS-SF01A-3A-FLORTD101,2026-07-06,37539017,35.8 MiB
RS01SBPS-SF01A-3A-FLORTD101,2026-07-13,38168165,36.4 MiB
RS01SBPS-SF01A-3A-FLORTD101,2026-07-20,32115095,30.63 MiB
RS01SBPS-SF01A-3B-OPTAAD101,2026-04-13,183500800,175 MiB
RS01SBPS-SF01A-3B-OPTAAD101,2026-04-20,183500800,175 MiB
RS01SBPS-SF01A-3B-OPTAAD101,2026-04-27,183500800,175 MiB
RS01SBPS-SF01A-3B-OPTAAD101,2026-05-04,183500800,175 MiB
RS01SBPS-SF01A-3B-OPTAAD101,2026-05-11,183500800,175 MiB
RS01SBPS-SF01A-3B-OPTAAD101,2026-05-18,183500800,175 MiB
RS01SBPS-SF01A-3B-OPTAAD101,2026-05-25,183500800,175 MiB
RS01SBPS-SF01A-3B-OPTAAD101,2026-06-01,183500800,175 MiB
RS01SBPS-SF01A-3B-OPTAAD101,2026-06-08,183500800,175 MiB
RS01SBPS-SF01A-3B-OPTAAD101,2026-06-15,183500800,175 MiB
RS01SBPS-SF01A-3B-OPTAAD101,2026-06-22,183500800,175 MiB
RS01SBPS-SF01A-3B-OPTAAD101,2026-06-29,183500800,175 MiB
RS01SBPS-SF01A-3B-OPTAAD101,2026-07-06,183500800,175 MiB
RS01SBPS-SF01A-3B-OPTAAD101,2026-07-13,183500800,175 MiB
RS01SBPS-SF01A-3B-OPTAAD101,2026-07-20,157286400,150 MiB
RS01SBPS-SF01A-3C-PARADA101,2026-04-13,73400320,70 MiB
RS01SBPS-SF01A-3C-PARADA101,2026-04-20,73400320,70 MiB
RS01SBPS-SF01A-3C-PARADA101,2026-04-27,73400320,70 MiB
RS01SBPS-SF01A-3C-PARADA101,2026-05-04,73400320,70 MiB
RS01SBPS-SF01A-3C-PARADA101,2026-05-11,73400320,70 MiB
RS01SBPS-SF01A-3C-PARADA101,2026-05-18,73400320,70 MiB
RS01SBPS-SF01A-3C-PARADA101,2026-05-25,73400320,70 MiB
RS01SBPS-SF01A-3C-PARADA101,2026-06-01,73400320,70 MiB
RS01SBPS-SF01A-3C-PARADA101,2026-06-08,73400320,70 MiB
RS01SBPS-SF01A-3C-PARADA101,2026-06-15,73400320,70 MiB
RS01SBPS-SF01A-3C-PARADA101,2026-06-22,73400320,70 MiB
RS01SBPS-SF01A-3C-PARADA101,2026-06-29,73400320,70 MiB
RS01SBPS-SF01A-3C-PARADA101,2026-07-06,73400320,70 MiB
RS01SBPS-SF01A-3C-PARADA101,2026-07-13,73400320,70 MiB
RS01SBPS-SF01A-3C-PARADA101,2026-07-20,62390272,59.5 MiB
RS01SBPS-SF01A-3D-SPKIRA101,2026-04-13,183500800,175 MiB
RS01SBPS-SF01A-3D-SPKIRA101,2026-04-20,183500800,175 MiB
RS01SBPS-SF01A-3D-SPKIRA101,2026-04-27,183500800,175 MiB
RS01SBPS-SF01A-3D-SPKIRA101,2026-05-04,183500800,175 MiB
RS01SBPS-SF01A-3D-SPKIRA101,2026-05-11,183500800,175 MiB
RS01SBPS-SF01A-3D-SPKIRA101,2026-05-18,183500800,175 MiB
RS01SBPS-SF01A-3D-SPKIRA101,2026-05-25,183500800,175 MiB
RS01SBPS-SF01A-3D-SPKIRA101,2026-06-01,183500800,175 MiB
RS01SBPS-SF01A-3D-SPKIRA101,2026-06-08,183500800,175 MiB
RS01SBPS-SF01A-3D-SPKIRA101,2026-06-15,183500800,175 MiB
RS01SBPS-SF01A-3D-SPKIRA101,2026-06-22,183500800,175 MiB
RS01SBPS-SF01A-3D-SPKIRA101,2026-06-29,183500800,175 MiB
RS01SBPS-SF01A-3D-SPKIRA101,2026-07-06,183500800,175 MiB
RS01SBPS-SF01A-3D-SPKIRA101,2026-07-13,183500800,175 MiB
RS01SBPS-SF01A-3D-SPKIRA101,2026-07-20,156237842,149 MiB
RS01SBPS-SF01A-4A-NUTNRA101,2026-04-13,31771848,30.3 MiB
RS01SBPS-SF01A-4A-NUTNRA101,2026-04-20,31876706,30.4 MiB
RS01SBPS-SF01A-4A-NUTNRA101,2026-04-27,32400996,30.9 MiB
RS01SBPS-SF01A-4A-NUTNRA101,2026-05-04,31666990,30.2 MiB
RS01SBPS-SF01A-4A-NUTNRA101,2026-05-11,31771848,30.3 MiB
RS01SBPS-SF01A-4A-NUTNRA101,2026-05-18,31666990,30.2 MiB
RS01SBPS-SF01A-4A-NUTNRA101,2026-05-25,31876706,30.4 MiB
RS01SBPS-SF01A-4A-NUTNRA101,2026-06-01,31352418,29.9 MiB
RS01SBPS-SF01A-4A-NUTNRA101,2026-06-08,32086422,30.6 MiB
RS01SBPS-SF01A-4A-NUTNRA101,2026-06-15,31771848,30.3 MiB
RS01SBPS-SF01A-4A-NUTNRA101,2026-06-22,32925284,31.4 MiB
RS01SBPS-SF01A-4A-NUTNRA101,2026-06-29,32296138,30.8 MiB
RS01SBPS-SF01A-4A-NUTNRA101,2026-07-06,32610712,31.1 MiB
RS01SBPS-SF01A-4A-NUTNRA101,2026-07-13,29569839,28.2 MiB
RS01SBPS-SF01A-4A-NUTNRA101,2026-07-20,28101834,26.8 MiB
RS01SBPS-SF01A-4B-VELPTD102,2026-04-13,35232148,33.6 MiB
RS01SBPS-SF01A-4B-VELPTD102,2026-04-20,35232148,33.6 MiB
RS01SBPS-SF01A-4B-VELPTD102,2026-04-27,35232148,33.6 MiB
RS01SBPS-SF01A-4B-VELPTD102,2026-05-04,35232148,33.6 MiB
RS01SBPS-SF01A-4B-VELPTD102,2026-05-11,35232148,33.6 MiB
RS01SBPS-SF01A-4B-VELPTD102,2026-05-18,35232148,33.6 MiB
RS01SBPS-SF01A-4B-VELPTD102,2026-05-25,35232148,33.6 MiB
RS01SBPS-SF01A-4B-VELPTD102,2026-06-01,35232148,33.6 MiB
RS01SBPS-SF01A-4B-VELPTD102,2026-06-08,35232148,33.6 MiB
RS01SBPS-SF01A-4B-VELPTD102,2026-06-15,35232148,33.6 MiB
RS01SBPS-SF01A-4B-VELPTD102,2026-06-22,35232148,33.6 MiB
RS01SBPS-SF01A-4B-VELPTD102,2026-06-29,35232148,33.6 MiB
RS01SBPS-SF01A-4B-VELPTD102,2026-07-06,35232148,33.6 MiB
RS01SBPS-SF01A-4B-VELPTD102,2026-07-13,35232148,33.6 MiB
RS01SBPS-SF01A-4B-VELPTD102,2026-07-20,29912060,28.53 MiB
RS01SBPS-SF01A-4F-PCO2WA101,2026-04-13,33072,32.3 KiB
RS01SBPS-SF01A-4F-PCO2WA101,2026-04-20,32970,32.2 KiB
RS01SBPS-SF01A-4F-PCO2WA101,2026-04-27,33175,32.4 KiB
RS01SBPS-SF01A-4F-PCO2WA101,2026-05-04,32766,32 KiB
RS01SBPS-SF01A-4F-PCO2WA101,2026-05-11,32868,32.1 KiB
RS01SBPS-SF01A-4F-PCO2WA101,2026-05-18,32969,32.2 KiB
RS01SBPS-SF01A-4F-PCO2WA101,2026-05-25,32766,32 KiB
RS01SBPS-SF01A-4F-PCO2WA101,2026-06-01,32458,31.7 KiB
RS01SBPS-SF01A-4F-PCO2WA101,2026-06-08,32868,32.1 KiB
RS01SBPS-SF01A-4F-PCO2WA101,2026-06-15,32970,32.2 KiB
RS01SBPS-SF01A-4F-PCO2WA101,2026-06-22,33277,32.5 KiB
RS01SBPS-SF01A-4F-PCO2WA101,2026-06-29,33174,32.4 KiB
RS01SBPS-SF01A-4F-PCO2WA101,2026-07-06,33072,32.3 KiB
RS01SBPS-SF01A-4F-PCO2WA101,2026-07-13,31126,30.4 KiB
RS01SBPS-SF01A-4F-PCO2WA101,2026-07-20,27952,27.3 KiB
RS01SLBS-LJ01A-05-HPIESA101,2026-04-13,44040192,42 MiB
RS01SLBS-LJ01A-05-HPIESA101,2026-04-20,44040192,42 MiB
RS01SLBS-LJ01A-05-HPIESA101,2026-04-27,44040192,42 MiB
RS01SLBS-LJ01A-05-HPIESA101,2026-05-04,44040192,42 MiB
RS01SLBS-LJ01A-05-HPIESA101,2026-05-11,44040192,42 MiB
RS01SLBS-LJ01A-05-HPIESA101,2026-05-18,44040192,42 MiB
RS01SLBS-LJ01A-05-HPIESA101,2026-05-25,44040192,42 MiB
RS01SLBS-LJ01A-05-HPIESA101,2026-06-01,44040192,42 MiB
RS01SLBS-LJ01A-05-HPIESA101,2026-06-08,44040192,42 MiB
RS01SLBS-LJ01A-05-HPIESA101,2026-06-15,44040192,42 MiB
RS01SLBS-LJ01A-05-HPIESA101,2026-06-22,44040192,42 MiB
RS01SLBS-LJ01A-05-HPIESA101,2026-06-29,44040192,42 MiB
RS01SLBS-LJ01A-05-HPIESA101,2026-07-06,44040192,42 MiB
RS01SLBS-LJ01A-05-HPIESA101,2026-07-13,44040192,42 MiB
RS01SLBS-LJ01A-05-HPIESA101,2026-07-20,44040192,42 MiB
RS01SLBS-LJ01A-09-HYDBBA102,2026-04-13,41267788848,38.43 GiB
RS01SLBS-LJ01A-09-HYDBBA102,2026-04-20,38404893677,35.77 GiB
RS01SLBS-LJ01A-09-HYDBBA102,2026-04-27,54412810540,50.68 GiB
RS01SLBS-LJ01A-09-HYDBBA102,2026-05-04,48693667422,45.35 GiB
RS01SLBS-LJ01A-09-HYDBBA102,2026-05-11,30781773332,28.67 GiB
RS01SLBS-LJ01A-09-HYDBBA102,2026-05-18,53044527832,49.4 GiB
RS01SLBS-LJ01A-09-HYDBBA102,2026-05-25,54532171293,50.79 GiB
RS01SLBS-LJ01A-09-HYDBBA102,2026-06-01,58659543391,54.63 GiB
RS01SLBS-LJ01A-09-HYDBBA102,2026-06-08,54090376731,50.38 GiB
RS01SLBS-LJ01A-09-HYDBBA102,2026-06-15,40019322306,37.27 GiB
RS01SLBS-LJ01A-09-HYDBBA102,2026-06-22,10542383000,9.82 GiB
RS01SLBS-LJ01A-09-HYDBBA102,2026-06-29,23540711421,21.92 GiB
RS01SLBS-LJ01A-09-HYDBBA102,2026-07-06,33369108479,31.08 GiB
RS01SLBS-LJ01A-09-HYDBBA102,2026-07-13,28030114201,26.11 GiB
RS01SLBS-LJ01A-09-HYDBBA102,2026-07-20,41106590921,38.28 GiB
RS01SLBS-LJ01A-10-ADCPTE101,2026-04-13,0,0 bytes
RS01SLBS-LJ01A-10-ADCPTE101,2026-04-20,0,0 bytes
RS01SLBS-LJ01A-10-ADCPTE101,2026-04-27,0,0 bytes
RS01SLBS-LJ01A-10-ADCPTE101,2026-05-04,0,0 bytes
RS01SLBS-LJ01A-10-ADCPTE101,2026-05-11,0,0 bytes
RS01SLBS-LJ01A-10-ADCPTE101,2026-05-18,0,0 bytes
RS01SLBS-LJ01A-10-ADCPTE101,2026-05-25,0,0 bytes
RS01SLBS-LJ01A-10-ADCPTE101,2026-06-01,0,0 bytes
RS01SLBS-LJ01A-10-ADCPTE101,2026-06-08,0,0 bytes
RS01SLBS-LJ01A-10-ADCPTE101,2026-06-15,0,0 bytes
RS01SLBS-LJ01A-10-ADCPTE101,2026-06-22,0,0 bytes
RS01SLBS-LJ01A-10-ADCPTE101,2026-06-29,0,0 bytes
RS01SLBS-LJ01A-10-ADCPTE101,2026-07-06,0,0 bytes
RS01SLBS-LJ01A-10-ADCPTE101,2026-07-13,0,0 bytes
RS01SLBS-LJ01A-10-ADCPTE101,2026-07-20,0,0 bytes
RS01SLBS-LJ01A-11-OPTAAC103,2026-04-13,95420416,91 MiB
RS01SLBS-LJ01A-11-OPTAAC103,2026-04-20,95420416,91 MiB
RS01SLBS-LJ01A-11-OPTAAC103,2026-04-27,95420416,91 MiB
RS01SLBS-LJ01A-11-OPTAAC103,2026-05-04,95420416,91 MiB
RS01SLBS-LJ01A-11-OPTAAC103,2026-05-11,95420416,91 MiB
RS01SLBS-LJ01A-11-OPTAAC103,2026-05-18,95420416,91 MiB
RS01SLBS-LJ01A-11-OPTAAC103,2026-05-25,95420416,91 MiB
RS01SLBS-LJ01A-11-OPTAAC103,2026-06-01,95420416,91 MiB
RS01SLBS-LJ01A-11-OPTAAC103,2026-06-08,95420416,91 MiB
RS01SLBS-LJ01A-11-OPTAAC103,2026-06-15,95420416,91 MiB
RS01SLBS-LJ01A-11-OPTAAC103,2026-06-22,95420416,91 MiB
RS01SLBS-LJ01A-11-OPTAAC103,2026-06-29,95420416,91 MiB
RS01SLBS-LJ01A-11-OPTAAC103,2026-07-06,95420416,91 MiB
RS01SLBS-LJ01A-11-OPTAAC103,2026-07-13,95420416,91 MiB
RS01SLBS-LJ01A-11-OPTAAC103,2026-07-20,95420416,91 MiB
RS01SLBS-LJ01A-12-CTDPFB101,2026-04-13,32296138,30.8 MiB
RS01SLBS-LJ01A-12-CTDPFB101,2026-04-20,32296138,30.8 MiB
RS01SLBS-LJ01A-12-CTDPFB101,2026-04-27,32296138,30.8 MiB
RS01SLBS-LJ01A-12-CTDPFB101,2026-05-04,32296138,30.8 MiB
RS01SLBS-LJ01A-12-CTDPFB101,2026-05-11,32296138,30.8 MiB
RS01SLBS-LJ01A-12-CTDPFB101,2026-05-18,32296138,30.8 MiB
RS01SLBS-LJ01A-12-CTDPFB101,2026-05-25,32296138,30.8 MiB
RS01SLBS-LJ01A-12-CTDPFB101,2026-06-01,32296138,30.8 MiB
RS01SLBS-LJ01A-12-CTDPFB101,2026-06-08,32296138,30.8 MiB
RS01SLBS-LJ01A-12-CTDPFB101,2026-06-15,32296138,30.8 MiB
RS01SLBS-LJ01A-12-CTDPFB101,2026-06-22,32296138,30.8 MiB
RS01SLBS-LJ01A-12-CTDPFB101,2026-06-29,32296138,30.8 MiB
RS01SLBS-LJ01A-12-CTDPFB101,2026-07-06,32296138,30.8 MiB
RS01SLBS-LJ01A-12-CTDPFB101,2026-07-13,32296138,30.8 MiB
RS01SLBS-LJ01A-12-CTDPFB101,2026-07-20,32296138,30.8 MiB
RS01SLBS-MJ01A-05-HYDLFA101,2026-04-13,0,0 bytes
RS01SLBS-MJ01A-05-HYDLFA101,2026-04-20,0,0 bytes
RS01SLBS-MJ01A-05-HYDLFA101,2026-04-27,0,0 bytes
RS01SLBS-MJ01A-05-HYDLFA101,2026-05-04,0,0 bytes
RS01SLBS-MJ01A-05-HYDLFA101,2026-05-11,0,0 bytes
RS01SLBS-MJ01A-05-HYDLFA101,2026-05-18,0,0 bytes
RS01SLBS-MJ01A-05-HYDLFA101,2026-05-25,0,0 bytes
RS01SLBS-MJ01A-05-HYDLFA101,2026-06-01,0,0 bytes
RS01SLBS-MJ01A-05-HYDLFA101,2026-06-08,0,0 bytes
RS01SLBS-MJ01A-05-HYDLFA101,2026-06-15,0,0 bytes
RS01SLBS-MJ01A-05-HYDLFA101,2026-06-22,0,0 bytes
RS01SLBS-MJ01A-05-HYDLFA101,2026-06-29,0,0 bytes
RS01SLBS-MJ01A-05-HYDLFA101,2026-07-06,0,0 bytes
RS01SLBS-MJ01A-05-HYDLFA101,2026-07-13,0,0 bytes
RS01SLBS-MJ01A-05-HYDLFA101,2026-07-20,0,0 bytes
RS01SLBS-MJ01A-05-OBSBBA102,2026-04-13,0,0 bytes
RS01SLBS-MJ01A-05-OBSBBA102,2026-04-20,0,0 bytes
RS01SLBS-MJ01A-05-OBSBBA102,2026-04-27,0,0 bytes
RS01SLBS-MJ01A-05-OBSBBA102,2026-05-04,0,0 bytes
RS01SLBS-MJ01A-05-OBSBBA102,2026-05-11,0,0 bytes
RS01SLBS-MJ01A-05-OBSBBA102,2026-05-18,0,0 bytes
RS01SLBS-MJ01A-05-OBSBBA102,2026-05-25,0,0 bytes
RS01SLBS-MJ01A-05-OBSBBA102,2026-06-01,0,0 bytes
RS01SLBS-MJ01A-05-OBSBBA102,2026-06-08,0,0 bytes
RS01SLBS-MJ01A-05-OBSBBA102,2026-06-15,0,0 bytes
RS01SLBS-MJ01A-05-OBSBBA102,2026-06-22,0,0 bytes
RS01SLBS-MJ01A-05-OBSBBA102,2026-06-29,0,0 bytes
RS01SLBS-MJ01A-05-OBSBBA102,2026-07-06,0,0 bytes
RS01SLBS-MJ01A-05-OBSBBA102,2026-07-13,0,0 bytes
RS01SLBS-MJ01A-05-OBSBBA102,2026-07-20,0,0 bytes
RS01SLBS-MJ01A-06-PRESTA101,2026-04-13,139460608,133 MiB
RS01SLBS-MJ01A-06-PRESTA101,2026-04-20,139460608,133 MiB
RS01SLBS-MJ01A-06-PRESTA101,2026-04-27,139460608,133 MiB
RS01SLBS-MJ01A-06-PRESTA101,2026-05-04,139460608,133 MiB
RS01SLBS-MJ01A-06-PRESTA101,2026-05-11,139460608,133 MiB
RS01SLBS-MJ01A-06-PRESTA101,2026-05-18,139460608,133 MiB
RS01SLBS-MJ01A-06-PRESTA101,2026-05-25,139460608,133 MiB
RS01SLBS-MJ01A-06-PRESTA101,2026-06-01,139460608,133 MiB
RS01SLBS-MJ01A-06-PRESTA101,2026-06-08,139460608,133 MiB
RS01SLBS-MJ01A-06-PRESTA101,2026-06-15,139460608,133 MiB
RS01SLBS-MJ01A-06-PRESTA101,2026-06-22,139460608,133 MiB
RS01SLBS-MJ01A-06-PRESTA101,2026-06-29,139460608,133 MiB
RS01SLBS-MJ01A-06-PRESTA101,2026-07-06,139460608,133 MiB
RS01SLBS-MJ01A-06-PRESTA101,2026-07-13,139460608,133 MiB
RS01SLBS-MJ01A-06-PRESTA101,2026-07-20,139460608,133 MiB
RS01SLBS-MJ01A-12-VEL3DB101,2026-04-13,67528293,64.4 MiB
RS01SLBS-MJ01A-12-VEL3DB101,2026-04-20,67528293,64.4 MiB
RS01SLBS-MJ01A-12-VEL3DB101,2026-04-27,67528293,64.4 MiB
RS01SLBS-MJ01A-12-VEL3DB101,2026-05-04,67528293,64.4 MiB
RS01SLBS-MJ01A-12-VEL3DB101,2026-05-11,67528293,64.4 MiB
RS01SLBS-MJ01A-12-VEL3DB101,2026-05-18,67528293,64.4 MiB
RS01SLBS-MJ01A-12-VEL3DB101,2026-05-25,67528293,64.4 MiB
RS01SLBS-MJ01A-12-VEL3DB101,2026-06-01,67528293,64.4 MiB
RS01SLBS-MJ01A-12-VEL3DB101,2026-06-08,67528293,64.4 MiB
RS01SLBS-MJ01A-12-VEL3DB101,2026-06-15,67528293,64.4 MiB
RS01SLBS-MJ01A-12-VEL3DB101,2026-06-22,67528293,64.4 MiB
RS01SLBS-MJ01A-12-VEL3DB101,2026-06-29,67528293,64.4 MiB
RS01SLBS-MJ01A-12-VEL3DB101,2026-07-06,67528293,64.4 MiB
RS01SLBS-MJ01A-12-VEL3DB101,2026-07-13,67528293,64.4 MiB
RS01SLBS-MJ01A-12-VEL3DB101,2026-07-20,67528293,64.4 MiB
RS01SUM1-LJ01B-05-HYDLFA104,2026-04-13,0,0 bytes
RS01SUM1-LJ01B-05-HYDLFA104,2026-04-20,0,0 bytes
RS01SUM1-LJ01B-05-HYDLFA104,2026-04-27,0,0 bytes
RS01SUM1-LJ01B-05-HYDLFA104,2026-05-04,0,0 bytes
RS01SUM1-LJ01B-05-HYDLFA104,2026-05-11,0,0 bytes
RS01SUM1-LJ01B-05-HYDLFA104,2026-05-18,0,0 bytes
RS01SUM1-LJ01B-05-HYDLFA104,2026-05-25,0,0 bytes
RS01SUM1-LJ01B-05-HYDLFA104,2026-06-01,0,0 bytes
RS01SUM1-LJ01B-05-HYDLFA104,2026-06-08,0,0 bytes
RS01SUM1-LJ01B-05-HYDLFA104,2026-06-15,0,0 bytes
RS01SUM1-LJ01B-05-HYDLFA104,2026-06-22,0,0 bytes
RS01SUM1-LJ01B-05-HYDLFA104,2026-06-29,0,0 bytes
RS01SUM1-LJ01B-05-HYDLFA104,2026-07-06,0,0 bytes
RS01SUM1-LJ01B-05-HYDLFA104,2026-07-13,0,0 bytes
RS01SUM1-LJ01B-05-HYDLFA104,2026-07-20,0,0 bytes
RS01SUM1-LJ01B-05-OBSBBA101,2026-04-13,0,0 bytes
RS01SUM1-LJ01B-05-OBSBBA101,2026-04-20,0,0 bytes
RS01SUM1-LJ01B-05-OBSBBA101,2026-04-27,0,0 bytes
RS01SUM1-LJ01B-05-OBSBBA101,2026-05-04,0,0 bytes
RS01SUM1-LJ01B-05-OBSBBA101,2026-05-11,0,0 bytes
RS01SUM1-LJ01B-05-OBSBBA101,2026-05-18,0,0 bytes
RS01SUM1-LJ01B-05-OBSBBA101,2026-05-25,0,0 bytes
RS01SUM1-LJ01B-05-OBSBBA101,2026-06-01,0,0 bytes
RS01SUM1-LJ01B-05-OBSBBA101,2026-06-08,0,0 bytes
RS01SUM1-LJ01B-05-OBSBBA101,2026-06-15,0,0 bytes
RS01SUM1-LJ01B-05-OBSBBA101,2026-06-22,0,0 bytes
RS01SUM1-LJ01B-05-OBSBBA101,2026-06-29,0,0 bytes
RS01SUM1-LJ01B-05-OBSBBA101,2026-07-06,0,0 bytes
RS01SUM1-LJ01B-05-OBSBBA101,2026-07-13,0,0 bytes
RS01SUM1-LJ01B-05-OBSBBA101,2026-07-20,0,0 bytes
RS01SUM1-LJ01B-06-OBSSPA103,2026-04-13,0,0 bytes
RS01SUM1-LJ01B-06-OBSSPA103,2026-04-20,0,0 bytes
RS01SUM1-LJ01B-06-OBSSPA103,2026-04-27,0,0 bytes
RS01SUM1-LJ01B-06-OBSSPA103,2026-05-04,0,0 bytes
RS01SUM1-LJ01B-06-OBSSPA103,2026-05-11,0,0 bytes
RS01SUM1-LJ01B-06-OBSSPA103,2026-05-18,0,0 bytes
RS01SUM1-LJ01B-06-OBSSPA103,2026-05-25,0,0 bytes
RS01SUM1-LJ01B-06-OBSSPA103,2026-06-01,0,0 bytes
RS01SUM1-LJ01B-06-OBSSPA103,2026-06-08,0,0 bytes
RS01SUM1-LJ01B-06-OBSSPA103,2026-06-15,0,0 bytes
RS01SUM1-LJ01B-06-OBSSPA103,2026-06-22,0,0 bytes
RS01SUM1-LJ01B-06-OBSSPA103,2026-06-29,0,0 bytes
RS01SUM1-LJ01B-06-OBSSPA103,2026-07-06,0,0 bytes
RS01SUM1-LJ01B-06-OBSSPA103,2026-07-13,0,0 bytes
RS01SUM1-LJ01B-06-OBSSPA103,2026-07-20,0,0 bytes
RS01SUM1-LJ01B-07-OBSSPA102,2026-04-13,0,0 bytes
RS01SUM1-LJ01B-07-OBSSPA102,2026-04-20,0,0 bytes
RS01SUM1-LJ01B-07-OBSSPA102,2026-04-27,0,0 bytes
RS01SUM1-LJ01B-07-OBSSPA102,2026-05-04,0,0 bytes
RS01SUM1-LJ01B-07-OBSSPA102,2026-05-11,0,0 bytes
RS01SUM1-LJ01B-07-OBSSPA102,2026-05-18,0,0 bytes
RS01SUM1-LJ01B-07-OBSSPA102,2026-05-25,0,0 bytes
RS01SUM1-LJ01B-07-OBSSPA102,2026-06-01,0,0 bytes
RS01SUM1-LJ01B-07-OBSSPA102,2026-06-08,0,0 bytes
RS01SUM1-LJ01B-07-OBSSPA102,2026-06-15,0,0 bytes
RS01SUM1-LJ01B-07-OBSSPA102,2026-06-22,0,0 bytes
RS01SUM1-LJ01B-07-OBSSPA102,2026-06-29,0,0 bytes
RS01SUM1-LJ01B-07-OBSSPA102,2026-07-06,0,0 bytes
RS01SUM1-LJ01B-07-OBSSPA102,2026-07-13,0,0 bytes
RS01SUM1-LJ01B-07-OBSSPA102,2026-07-20,0,0 bytes
RS01SUM1-LJ01B-08-OBSSPA101,2026-04-13,0,0 bytes
RS01SUM1-LJ01B-08-OBSSPA101,2026-04-20,0,0 bytes
RS01SUM1-LJ01B-08-OBSSPA101,2026-04-27,0,0 bytes
RS01SUM1-LJ01B-08-OBSSPA101,2026-05-04,0,0 bytes
RS01SUM1-LJ01B-08-OBSSPA101,2026-05-11,0,0 bytes
RS01SUM1-LJ01B-08-OBSSPA101,2026-05-18,0,0 bytes
RS01SUM1-LJ01B-08-OBSSPA101,2026-05-25,0,0 bytes
RS01SUM1-LJ01B-08-OBSSPA101,2026-06-01,0,0 bytes
RS01SUM1-LJ01B-08-OBSSPA101,2026-06-08,0,0 bytes
RS01SUM1-LJ01B-08-OBSSPA101,2026-06-15,0,0 bytes
RS01SUM1-LJ01B-08-OBSSPA101,2026-06-22,0,0 bytes
RS01SUM1-LJ01B-08-OBSSPA101,2026-06-29,0,0 bytes
RS01SUM1-LJ01B-08-OBSSPA101,2026-07-06,0,0 bytes
RS01SUM1-LJ01B-08-OBSSPA101,2026-07-13,0,0 bytes
RS01SUM1-LJ01B-08-OBSSPA101,2026-07-20,0,0 bytes
RS01SUM1-LJ01B-09-PRESTB102,2026-04-13,110100480,105 MiB
RS01SUM1-LJ01B-09-PRESTB102,2026-04-20,110100480,105 MiB
RS01SUM1-LJ01B-09-PRESTB102,2026-04-27,110100480,105 MiB
RS01SUM1-LJ01B-09-PRESTB102,2026-05-04,110100480,105 MiB
RS01SUM1-LJ01B-09-PRESTB102,2026-05-11,110100480,105 MiB
RS01SUM1-LJ01B-09-PRESTB102,2026-05-18,110100480,105 MiB
RS01SUM1-LJ01B-09-PRESTB102,2026-05-25,110100480,105 MiB
RS01SUM1-LJ01B-09-PRESTB102,2026-06-01,110100480,105 MiB
RS01SUM1-LJ01B-09-PRESTB102,2026-06-08,110100480,105 MiB
RS01SUM1-LJ01B-09-PRESTB102,2026-06-15,110100480,105 MiB
RS01SUM1-LJ01B-09-PRESTB102,2026-06-22,110100480,105 MiB
RS01SUM1-LJ01B-09-PRESTB102,2026-06-29,110100480,105 MiB
RS01SUM1-LJ01B-09-PRESTB102,2026-07-06,110100480,105 MiB
RS01SUM1-LJ01B-09-PRESTB102,2026-07-13,110100480,105 MiB
RS01SUM1-LJ01B-09-PRESTB102,2026-07-20,110100480,105 MiB
RS01SUM1-LJ01B-12-VEL3DB104,2026-04-13,67528293,64.4 MiB
RS01SUM1-LJ01B-12-VEL3DB104,2026-04-20,67528293,64.4 MiB
RS01SUM1-LJ01B-12-VEL3DB104,2026-04-27,67528293,64.4 MiB
RS01SUM1-LJ01B-12-VEL3DB104,2026-05-04,67528293,64.4 MiB
RS01SUM1-LJ01B-12-VEL3DB104,2026-05-11,67528293,64.4 MiB
RS01SUM1-LJ01B-12-VEL3DB104,2026-05-18,67528293,64.4 MiB
RS01SUM1-LJ01B-12-VEL3DB104,2026-05-25,67528293,64.4 MiB
RS01SUM1-LJ01B-12-VEL3DB104,2026-06-01,67528293,64.4 MiB
RS01SUM1-LJ01B-12-VEL3DB104,2026-06-08,67528293,64.4 MiB
RS01SUM1-LJ01B-12-VEL3DB104,2026-06-15,67528293,64.4 MiB
RS01SUM1-LJ01B-12-VEL3DB104,2026-06-22,67528293,64.4 MiB
RS01SUM1-LJ01B-12-VEL3DB104,2026-06-29,67528293,64.4 MiB
RS01SUM1-LJ01B-12-VEL3DB104,2026-07-06,67528293,64.4 MiB
RS01SUM1-LJ01B-12-VEL3DB104,2026-07-13,67528293,64.4 MiB
RS01SUM1-LJ01B-12-VEL3DB104,2026-07-20,67528293,64.4 MiB
RS01SUM2-MJ01B-05-CAMDSB103,2026-04-13,7763131807,7.23 GiB
RS01SUM2-MJ01B-05-CAMDSB103,2026-04-20,7819335678,7.28 GiB
RS01SUM2-MJ01B-05-CAMDSB103,2026-04-27,7787144272,7.25 GiB
RS01SUM2-MJ01B-05-CAMDSB103,2026-05-04,7769423300,7.24 GiB
RS01SUM2-MJ01B-05-CAMDSB103,2026-05-11,7790499728,7.26 GiB
RS01SUM2-MJ01B-05-CAMDSB103,2026-05-18,7799517513,7.26 GiB
RS01SUM2-MJ01B-05-CAMDSB103,2026-05-25,7836427532,7.3 GiB
RS01SUM2-MJ01B-05-CAMDSB103,2026-06-01,7829611758,7.29 GiB
RS01SUM2-MJ01B-05-CAMDSB103,2026-06-08,7852575664,7.31 GiB
RS01SUM2-MJ01B-05-CAMDSB103,2026-06-15,7919474790,7.38 GiB
RS01SUM2-MJ01B-05-CAMDSB103,2026-06-22,8055160405,7.5 GiB
RS01SUM2-MJ01B-05-CAMDSB103,2026-06-29,8069630716,7.52 GiB
RS01SUM2-MJ01B-05-CAMDSB103,2026-07-06,8072671597,7.52 GiB
RS01SUM2-MJ01B-05-CAMDSB103,2026-07-13,8022130135,7.47 GiB
RS01SUM2-MJ01B-05-CAMDSB103,2026-07-20,8087142002,7.53 GiB
RS01SUM2-MJ01B-12-ADCPSK101,2026-04-13,660602880,630 MiB
RS01SUM2-MJ01B-12-ADCPSK101,2026-04-20,660602880,630 MiB
RS01SUM2-MJ01B-12-ADCPSK101,2026-04-27,660602880,630 MiB
RS01SUM2-MJ01B-12-ADCPSK101,2026-05-04,660602880,630 MiB
RS01SUM2-MJ01B-12-ADCPSK101,2026-05-11,660602880,630 MiB
RS01SUM2-MJ01B-12-ADCPSK101,2026-05-18,660602880,630 MiB
RS01SUM2-MJ01B-12-ADCPSK101,2026-05-25,660602880,630 MiB
RS01SUM2-MJ01B-12-ADCPSK101,2026-06-01,660602880,630 MiB
RS01SUM2-MJ01B-12-ADCPSK101,2026-06-08,660602880,630 MiB
RS01SUM2-MJ01B-12-ADCPSK101,2026-06-15,660602880,630 MiB
RS01SUM2-MJ01B-12-ADCPSK101,2026-06-22,660602880,630 MiB
RS01SUM2-MJ01B-12-ADCPSK101,2026-06-29,660602880,630 MiB
RS01SUM2-MJ01B-12-ADCPSK101,2026-07-06,660602880,630 MiB
RS01SUM2-MJ01B-12-ADCPSK101,2026-07-13,660602880,630 MiB
RS01SUM2-MJ01B-12-ADCPSK101,2026-07-20,660602880,630 MiB
RS03ASHS-MJ03B-05-OBSSPA302,2026-04-13,0,0 bytes
RS03ASHS-MJ03B-05-OBSSPA302,2026-04-20,0,0 bytes
RS03ASHS-MJ03B-05-OBSSPA302,2026-04-27,0,0 bytes
RS03ASHS-MJ03B-05-OBSSPA302,2026-05-04,0,0 bytes
RS03ASHS-MJ03B-05-OBSSPA302,2026-05-11,0,0 bytes
RS03ASHS-MJ03B-05-OBSSPA302,2026-05-18,0,0 bytes
RS03ASHS-MJ03B-05-OBSSPA302,2026-05-25,0,0 bytes
RS03ASHS-MJ03B-05-OBSSPA302,2026-06-01,0,0 bytes
RS03ASHS-MJ03B-05-OBSSPA302,2026-06-08,0,0 bytes
RS03ASHS-MJ03B-05-OBSSPA302,2026-06-15,0,0 bytes
RS03ASHS-MJ03B-05-OBSSPA302,2026-06-22,0,0 bytes
RS03ASHS-MJ03B-05-OBSSPA302,2026-06-29,0,0 bytes
RS03ASHS-MJ03B-05-OBSSPA302,2026-07-06,0,0 bytes
RS03ASHS-MJ03B-05-OBSSPA302,2026-07-13,0,0 bytes
RS03ASHS-MJ03B-05-OBSSPA302,2026-07-20,0,0 bytes
RS03ASHS-MJ03B-06-OBSSPA301,2026-04-13,0,0 bytes
RS03ASHS-MJ03B-06-OBSSPA301,2026-04-20,0,0 bytes
RS03ASHS-MJ03B-06-OBSSPA301,2026-04-27,0,0 bytes
RS03ASHS-MJ03B-06-OBSSPA301,2026-05-04,0,0 bytes
RS03ASHS-MJ03B-06-OBSSPA301,2026-05-11,0,0 bytes
RS03ASHS-MJ03B-06-OBSSPA301,2026-05-18,0,0 bytes
RS03ASHS-MJ03B-06-OBSSPA301,2026-05-25,0,0 bytes
RS03ASHS-MJ03B-06-OBSSPA301,2026-06-01,0,0 bytes
RS03ASHS-MJ03B-06-OBSSPA301,2026-06-08,0,0 bytes
RS03ASHS-MJ03B-06-OBSSPA301,2026-06-15,0,0 bytes
RS03ASHS-MJ03B-06-OBSSPA301,2026-06-22,0,0 bytes
RS03ASHS-MJ03B-06-OBSSPA301,2026-06-29,0,0 bytes
RS03ASHS-MJ03B-06-OBSSPA301,2026-07-06,0,0 bytes
RS03ASHS-MJ03B-06-OBSSPA301,2026-07-13,0,0 bytes
RS03ASHS-MJ03B-06-OBSSPA301,2026-07-20,0,0 bytes
RS03ASHS-MJ03B-07-TMPSFA301,2026-04-13,15414063,14.7 MiB
RS03ASHS-MJ03B-07-TMPSFA301,2026-04-20,15414063,14.7 MiB
RS03ASHS-MJ03B-07-TMPSFA301,2026-04-27,15414063,14.7 MiB
RS03ASHS-MJ03B-07-TMPSFA301,2026-05-04,15414063,14.7 MiB
RS03ASHS-MJ03B-07-TMPSFA301,2026-05-11,15414063,14.7 MiB
RS03ASHS-MJ03B-07-TMPSFA301,2026-05-18,15414063,14.7 MiB
RS03ASHS-MJ03B-07-TMPSFA301,2026-05-25,15414063,14.7 MiB
RS03ASHS-MJ03B-07-TMPSFA301,2026-06-01,15414063,14.7 MiB
RS03ASHS-MJ03B-07-TMPSFA301,2026-06-08,15414063,14.7 MiB
RS03ASHS-MJ03B-07-TMPSFA301,2026-06-15,15414063,14.7 MiB
RS03ASHS-MJ03B-07-TMPSFA301,2026-06-22,15414063,14.7 MiB
RS03ASHS-MJ03B-07-TMPSFA301,2026-06-29,15414063,14.7 MiB
RS03ASHS-MJ03B-07-TMPSFA301,2026-07-06,15414063,14.7 MiB
RS03ASHS-MJ03B-07-TMPSFA301,2026-07-13,15414063,14.7 MiB
RS03ASHS-MJ03B-07-TMPSFA301,2026-07-20,15414063,14.7 MiB
RS03ASHS-MJ03B-09-BOTPTA304,2026-04-13,117440512,112 MiB
RS03ASHS-MJ03B-09-BOTPTA304,2026-04-20,117440512,112 MiB
RS03ASHS-MJ03B-09-BOTPTA304,2026-04-27,117440512,112 MiB
RS03ASHS-MJ03B-09-BOTPTA304,2026-05-04,117440512,112 MiB
RS03ASHS-MJ03B-09-BOTPTA304,2026-05-11,117440512,112 MiB
RS03ASHS-MJ03B-09-BOTPTA304,2026-05-18,117440512,112 MiB
RS03ASHS-MJ03B-09-BOTPTA304,2026-05-25,117440512,112 MiB
RS03ASHS-MJ03B-09-BOTPTA304,2026-06-01,117440512,112 MiB
RS03ASHS-MJ03B-09-BOTPTA304,2026-06-08,117440512,112 MiB
RS03ASHS-MJ03B-09-BOTPTA304,2026-06-15,117440512,112 MiB
RS03ASHS-MJ03B-09-BOTPTA304,2026-06-22,117440512,112 MiB
RS03ASHS-MJ03B-09-BOTPTA304,2026-06-29,117440512,112 MiB
RS03ASHS-MJ03B-09-BOTPTA304,2026-07-06,117440512,112 MiB
RS03ASHS-MJ03B-09-BOTPTA304,2026-07-13,117440512,112 MiB
RS03ASHS-MJ03B-09-BOTPTA304,2026-07-20,117440512,112 MiB
RS03ASHS-MJ03B-10-CTDPFB304,2026-04-13,23488101,22.4 MiB
RS03ASHS-MJ03B-10-CTDPFB304,2026-04-20,23488101,22.4 MiB
RS03ASHS-MJ03B-10-CTDPFB304,2026-04-27,23488101,22.4 MiB
RS03ASHS-MJ03B-10-CTDPFB304,2026-05-04,23488101,22.4 MiB
RS03ASHS-MJ03B-10-CTDPFB304,2026-05-11,23488101,22.4 MiB
RS03ASHS-MJ03B-10-CTDPFB304,2026-05-18,23488101,22.4 MiB
RS03ASHS-MJ03B-10-CTDPFB304,2026-05-25,23488101,22.4 MiB
RS03ASHS-MJ03B-10-CTDPFB304,2026-06-01,23488101,22.4 MiB
RS03ASHS-MJ03B-10-CTDPFB304,2026-06-08,23488101,22.4 MiB
RS03ASHS-MJ03B-10-CTDPFB304,2026-06-15,23488101,22.4 MiB
RS03ASHS-MJ03B-10-CTDPFB304,2026-06-22,23488101,22.4 MiB
RS03ASHS-MJ03B-10-CTDPFB304,2026-06-29,23488101,22.4 MiB
RS03ASHS-MJ03B-10-CTDPFB304,2026-07-06,23488101,22.4 MiB
RS03ASHS-MJ03B-10-CTDPFB304,2026-07-13,23488101,22.4 MiB
RS03ASHS-MJ03B-10-CTDPFB304,2026-07-20,23488101,22.4 MiB
RS03ASHS-PN03B-06-CAMHDA301,2026-04-13,917536509552,854.52 GiB
RS03ASHS-PN03B-06-CAMHDA301,2026-04-20,821158743664,764.76 GiB
RS03ASHS-PN03B-06-CAMHDA301,2026-04-27,683786899056,636.83 GiB
RS03ASHS-PN03B-06-CAMHDA301,2026-05-04,900359786096,838.53 GiB
RS03ASHS-PN03B-06-CAMHDA301,2026-05-11,899289190000,837.53 GiB
RS03ASHS-PN03B-06-CAMHDA301,2026-05-18,910010879600,847.51 GiB
RS03ASHS-PN03B-06-CAMHDA301,2026-05-25,920756686448,857.52 GiB
RS03ASHS-PN03B-06-CAMHDA301,2026-06-01,906800139888,844.52 GiB
RS03ASHS-PN03B-06-CAMHDA301,2026-06-08,900355591792,838.52 GiB
RS03ASHS-PN03B-06-CAMHDA301,2026-06-15,901423042160,839.52 GiB
RS03ASHS-PN03B-06-CAMHDA301,2026-06-22,896067964528,834.53 GiB
RS03ASHS-PN03B-06-CAMHDA301,2026-06-29,908948672112,846.52 GiB
RS03ASHS-PN03B-06-CAMHDA301,2026-07-06,929357106800,865.53 GiB
RS03ASHS-PN03B-06-CAMHDA301,2026-07-13,930421411440,866.52 GiB
RS03ASHS-PN03B-06-CAMHDA301,2026-07-20,931502493296,867.53 GiB
RS03AXBS-LJ03A-05-HPIESA301,2026-04-13,0,0 bytes
RS03AXBS-LJ03A-05-HPIESA301,2026-04-20,0,0 bytes
RS03AXBS-LJ03A-05-HPIESA301,2026-04-27,0,0 bytes
RS03AXBS-LJ03A-05-HPIESA301,2026-05-04,0,0 bytes
RS03AXBS-LJ03A-05-HPIESA301,2026-05-11,0,0 bytes
RS03AXBS-LJ03A-05-HPIESA301,2026-05-18,0,0 bytes
RS03AXBS-LJ03A-05-HPIESA301,2026-05-25,0,0 bytes
RS03AXBS-LJ03A-05-HPIESA301,2026-06-01,0,0 bytes
RS03AXBS-LJ03A-05-HPIESA301,2026-06-08,0,0 bytes
RS03AXBS-LJ03A-05-HPIESA301,2026-06-15,0,0 bytes
RS03AXBS-LJ03A-05-HPIESA301,2026-06-22,0,0 bytes
RS03AXBS-LJ03A-05-HPIESA301,2026-06-29,0,0 bytes
RS03AXBS-LJ03A-05-HPIESA301,2026-07-06,0,0 bytes
RS03AXBS-LJ03A-05-HPIESA301,2026-07-13,0,0 bytes
RS03AXBS-LJ03A-05-HPIESA301,2026-07-20,0,0 bytes
RS03AXBS-LJ03A-09-HYDBBA302,2026-04-13,55274765359,51.48 GiB
RS03AXBS-LJ03A-09-HYDBBA302,2026-04-20,49730498342,46.32 GiB
RS03AXBS-LJ03A-09-HYDBBA302,2026-04-27,72361600591,67.39 GiB
RS03AXBS-LJ03A-09-HYDBBA302,2026-05-04,65283817347,60.8 GiB
RS03AXBS-LJ03A-09-HYDBBA302,2026-05-11,42069917618,39.18 GiB
RS03AXBS-LJ03A-09-HYDBBA302,2026-05-18,70139391940,65.32 GiB
RS03AXBS-LJ03A-09-HYDBBA302,2026-05-25,69554905064,64.78 GiB
RS03AXBS-LJ03A-09-HYDBBA302,2026-06-01,75390726961,70.21 GiB
RS03AXBS-LJ03A-09-HYDBBA302,2026-06-08,70880486875,66.01 GiB
RS03AXBS-LJ03A-09-HYDBBA302,2026-06-15,50720459851,47.24 GiB
RS03AXBS-LJ03A-09-HYDBBA302,2026-06-22,13664413190,12.73 GiB
RS03AXBS-LJ03A-09-HYDBBA302,2026-06-29,31854986853,29.67 GiB
RS03AXBS-LJ03A-09-HYDBBA302,2026-07-06,43725472561,40.72 GiB
RS03AXBS-LJ03A-09-HYDBBA302,2026-07-13,37930139648,35.33 GiB
RS03AXBS-LJ03A-09-HYDBBA302,2026-07-20,54962159614,51.19 GiB
RS03AXBS-LJ03A-10-ADCPTE303,2026-04-13,660602880,630 MiB
RS03AXBS-LJ03A-10-ADCPTE303,2026-04-20,660602880,630 MiB
RS03AXBS-LJ03A-10-ADCPTE303,2026-04-27,660602880,630 MiB
RS03AXBS-LJ03A-10-ADCPTE303,2026-05-04,660602880,630 MiB
RS03AXBS-LJ03A-10-ADCPTE303,2026-05-11,660602880,630 MiB
RS03AXBS-LJ03A-10-ADCPTE303,2026-05-18,660602880,630 MiB
RS03AXBS-LJ03A-10-ADCPTE303,2026-05-25,660602880,630 MiB
RS03AXBS-LJ03A-10-ADCPTE303,2026-06-01,660602880,630 MiB
RS03AXBS-LJ03A-10-ADCPTE303,2026-06-08,660602880,630 MiB
RS03AXBS-LJ03A-10-ADCPTE303,2026-06-15,660602880,630 MiB
RS03AXBS-LJ03A-10-ADCPTE303,2026-06-22,660602880,630 MiB
RS03AXBS-LJ03A-10-ADCPTE303,2026-06-29,660602880,630 MiB
RS03AXBS-LJ03A-10-ADCPTE303,2026-07-06,660602880,630 MiB
RS03AXBS-LJ03A-10-ADCPTE303,2026-07-13,660602880,630 MiB
RS03AXBS-LJ03A-10-ADCPTE303,2026-07-20,660602880,630 MiB
RS03AXBS-LJ03A-11-OPTAAC303,2026-04-13,88080384,84 MiB
RS03AXBS-LJ03A-11-OPTAAC303,2026-04-20,88080384,84 MiB
RS03AXBS-LJ03A-11-OPTAAC303,2026-04-27,88080384,84 MiB
RS03AXBS-LJ03A-11-OPTAAC303,2026-05-04,88080384,84 MiB
RS03AXBS-LJ03A-11-OPTAAC303,2026-05-11,88080384,84 MiB
RS03AXBS-LJ03A-11-OPTAAC303,2026-05-18,88080384,84 MiB
RS03AXBS-LJ03A-11-OPTAAC303,2026-05-25,88080384,84 MiB
RS03AXBS-LJ03A-11-OPTAAC303,2026-06-01,88080384,84 MiB
RS03AXBS-LJ03A-11-OPTAAC303,2026-06-08,88080384,84 MiB
RS03AXBS-LJ03A-11-OPTAAC303,2026-06-15,88080384,84 MiB
RS03AXBS-LJ03A-11-OPTAAC303,2026-06-22,88080384,84 MiB
RS03AXBS-LJ03A-11-OPTAAC303,2026-06-29,88080384,84 MiB
RS03AXBS-LJ03A-11-OPTAAC303,2026-07-06,88080384,84 MiB
RS03AXBS-LJ03A-11-OPTAAC303,2026-07-13,88080384,84 MiB
RS03AXBS-LJ03A-11-OPTAAC303,2026-07-20,88080384,84 MiB
RS03AXBS-LJ03A-12-CTDPFB301,2026-04-13,32296138,30.8 MiB
RS03AXBS-LJ03A-12-CTDPFB301,2026-04-20,32296138,30.8 MiB
RS03AXBS-LJ03A-12-CTDPFB301,2026-04-27,32296138,30.8 MiB
RS03AXBS-LJ03A-12-CTDPFB301,2026-05-04,32296138,30.8 MiB
RS03AXBS-LJ03A-12-CTDPFB301,2026-05-11,32296138,30.8 MiB
RS03AXBS-LJ03A-12-CTDPFB301,2026-05-18,32296138,30.8 MiB
RS03AXBS-LJ03A-12-CTDPFB301,2026-05-25,32296138,30.8 MiB
RS03AXBS-LJ03A-12-CTDPFB301,2026-06-01,32296138,30.8 MiB
RS03AXBS-LJ03A-12-CTDPFB301,2026-06-08,32296138,30.8 MiB
RS03AXBS-LJ03A-12-CTDPFB301,2026-06-15,32296138,30.8 MiB
RS03AXBS-LJ03A-12-CTDPFB301,2026-06-22,32296138,30.8 MiB
RS03AXBS-LJ03A-12-CTDPFB301,2026-06-29,32296138,30.8 MiB
RS03AXBS-LJ03A-12-CTDPFB301,2026-07-06,32296138,30.8 MiB
RS03AXBS-LJ03A-12-CTDPFB301,2026-07-13,32296138,30.8 MiB
RS03AXBS-LJ03A-12-CTDPFB301,2026-07-20,32296138,30.8 MiB
RS03AXBS-MJ03A-05-HYDLFA301,2026-04-13,0,0 bytes
RS03AXBS-MJ03A-05-HYDLFA301,2026-04-20,0,0 bytes
RS03AXBS-MJ03A-05-HYDLFA301,2026-04-27,0,0 bytes
RS03AXBS-MJ03A-05-HYDLFA301,2026-05-04,0,0 bytes
RS03AXBS-MJ03A-05-HYDLFA301,2026-05-11,0,0 bytes
RS03AXBS-MJ03A-05-HYDLFA301,2026-05-18,0,0 bytes
RS03AXBS-MJ03A-05-HYDLFA301,2026-05-25,0,0 bytes
RS03AXBS-MJ03A-05-HYDLFA301,2026-06-01,0,0 bytes
RS03AXBS-MJ03A-05-HYDLFA301,2026-06-08,0,0 bytes
RS03AXBS-MJ03A-05-HYDLFA301,2026-06-15,0,0 bytes
RS03AXBS-MJ03A-05-HYDLFA301,2026-06-22,0,0 bytes
RS03AXBS-MJ03A-05-HYDLFA301,2026-06-29,0,0 bytes
RS03AXBS-MJ03A-05-HYDLFA301,2026-07-06,0,0 bytes
RS03AXBS-MJ03A-05-HYDLFA301,2026-07-13,0,0 bytes
RS03AXBS-MJ03A-05-HYDLFA301,2026-07-20,0,0 bytes
RS03AXBS-MJ03A-05-OBSBBA303,2026-04-13,0,0 bytes
RS03AXBS-MJ03A-05-OBSBBA303,2026-04-20,0,0 bytes
RS03AXBS-MJ03A-05-OBSBBA303,2026-04-27,0,0 bytes
RS03AXBS-MJ03A-05-OBSBBA303,2026-05-04,0,0 bytes
RS03AXBS-MJ03A-05-OBSBBA303,2026-05-11,0,0 bytes
RS03AXBS-MJ03A-05-OBSBBA303,2026-05-18,0,0 bytes
RS03AXBS-MJ03A-05-OBSBBA303,2026-05-25,0,0 bytes
RS03AXBS-MJ03A-05-OBSBBA303,2026-06-01,0,0 bytes
RS03AXBS-MJ03A-05-OBSBBA303,2026-06-08,0,0 bytes
RS03AXBS-MJ03A-05-OBSBBA303,2026-06-15,0,0 bytes
RS03AXBS-MJ03A-05-OBSBBA303,2026-06-22,0,0 bytes
RS03AXBS-MJ03A-05-OBSBBA303,2026-06-29,0,0 bytes
RS03AXBS-MJ03A-05-OBSBBA303,2026-07-06,0,0 bytes
RS03AXBS-MJ03A-05-OBSBBA303,2026-07-13,0,0 bytes
RS03AXBS-MJ03A-05-OBSBBA303,2026-07-20,0,0 bytes
RS03AXBS-MJ03A-06-PRESTA301,2026-04-13,7340032,7 MiB
RS03AXBS-MJ03A-06-PRESTA301,2026-04-20,7340032,7 MiB
RS03AXBS-MJ03A-06-PRESTA301,2026-04-27,7340032,7 MiB
RS03AXBS-MJ03A-06-PRESTA301,2026-05-04,7340032,7 MiB
RS03AXBS-MJ03A-06-PRESTA301,2026-05-11,7340032,7 MiB
RS03AXBS-MJ03A-06-PRESTA301,2026-05-18,7340032,7 MiB
RS03AXBS-MJ03A-06-PRESTA301,2026-05-25,7340032,7 MiB
RS03AXBS-MJ03A-06-PRESTA301,2026-06-01,7340032,7 MiB
RS03AXBS-MJ03A-06-PRESTA301,2026-06-08,7340032,7 MiB
RS03AXBS-MJ03A-06-PRESTA301,2026-06-15,7340032,7 MiB
RS03AXBS-MJ03A-06-PRESTA301,2026-06-22,7340032,7 MiB
RS03AXBS-MJ03A-06-PRESTA301,2026-06-29,7340032,7 MiB
RS03AXBS-MJ03A-06-PRESTA301,2026-07-06,7340032,7 MiB
RS03AXBS-MJ03A-06-PRESTA301,2026-07-13,7340032,7 MiB
RS03AXBS-MJ03A-06-PRESTA301,2026-07-20,7340032,7 MiB
RS03AXBS-MJ03A-12-VEL3DB301,2026-04-13,67528293,64.4 MiB
RS03AXBS-MJ03A-12-VEL3DB301,2026-04-20,67528293,64.4 MiB
RS03AXBS-MJ03A-12-VEL3DB301,2026-04-27,67528293,64.4 MiB
RS03AXBS-MJ03A-12-VEL3DB301,2026-05-04,67528293,64.4 MiB
RS03AXBS-MJ03A-12-VEL3DB301,2026-05-11,67528293,64.4 MiB
RS03AXBS-MJ03A-12-VEL3DB301,2026-05-18,67528293,64.4 MiB
RS03AXBS-MJ03A-12-VEL3DB301,2026-05-25,67528293,64.4 MiB
RS03AXBS-MJ03A-12-VEL3DB301,2026-06-01,67528293,64.4 MiB
RS03AXBS-MJ03A-12-VEL3DB301,2026-06-08,67528293,64.4 MiB
RS03AXBS-MJ03A-12-VEL3DB301,2026-06-15,67528293,64.4 MiB
RS03AXBS-MJ03A-12-VEL3DB301,2026-06-22,67528293,64.4 MiB
RS03AXBS-MJ03A-12-VEL3DB301,2026-06-29,67528293,64.4 MiB
RS03AXBS-MJ03A-12-VEL3DB301,2026-07-06,67528293,64.4 MiB
RS03AXBS-MJ03A-12-VEL3DB301,2026-07-13,67528293,64.4 MiB
RS03AXBS-MJ03A-12-VEL3DB301,2026-07-20,67528293,64.4 MiB
RS03AXPS-PC03A-05-ADCPTD302,2026-04-13,660602880,630 MiB
RS03AXPS-PC03A-05-ADCPTD302,2026-04-20,660602880,630 MiB
RS03AXPS-PC03A-05-ADCPTD302,2026-04-27,660602880,630 MiB
RS03AXPS-PC03A-05-ADCPTD302,2026-05-04,660602880,630 MiB
RS03AXPS-PC03A-05-ADCPTD302,2026-05-11,660602880,630 MiB
RS03AXPS-PC03A-05-ADCPTD302,2026-05-18,660602880,630 MiB
RS03AXPS-PC03A-05-ADCPTD302,2026-05-25,660602880,630 MiB
RS03AXPS-PC03A-05-ADCPTD302,2026-06-01,660602880,630 MiB
RS03AXPS-PC03A-05-ADCPTD302,2026-06-08,660602880,630 MiB
RS03AXPS-PC03A-05-ADCPTD302,2026-06-15,660602880,630 MiB
RS03AXPS-PC03A-05-ADCPTD302,2026-06-22,660602880,630 MiB
RS03AXPS-PC03A-05-ADCPTD302,2026-06-29,660602880,630 MiB
RS03AXPS-PC03A-05-ADCPTD302,2026-07-06,660602880,630 MiB
RS03AXPS-PC03A-05-ADCPTD302,2026-07-13,660602880,630 MiB
RS03AXPS-PC03A-05-ADCPTD302,2026-07-20,660602880,630 MiB
RS03AXPS-PC03A-06-VADCPB301,2026-04-13,2182086656,2.03 GiB
RS03AXPS-PC03A-06-VADCPB301,2026-04-20,2179989504,2.03 GiB
RS03AXPS-PC03A-06-VADCPB301,2026-04-27,2186280960,2.04 GiB
RS03AXPS-PC03A-06-VADCPB301,2026-05-04,2184183808,2.03 GiB
RS03AXPS-PC03A-06-VADCPB301,2026-05-11,2188378112,2.04 GiB
RS03AXPS-PC03A-06-VADCPB301,2026-05-18,2183135232,2.03 GiB
RS03AXPS-PC03A-06-VADCPB301,2026-05-25,2173698048,2.02 GiB
RS03AXPS-PC03A-06-VADCPB301,2026-06-01,2177892352,2.03 GiB
RS03AXPS-PC03A-06-VADCPB301,2026-06-08,2184183808,2.03 GiB
RS03AXPS-PC03A-06-VADCPB301,2026-06-15,2177892352,2.03 GiB
RS03AXPS-PC03A-06-VADCPB301,2026-06-22,2176843776,2.03 GiB
RS03AXPS-PC03A-06-VADCPB301,2026-06-29,2173698048,2.02 GiB
RS03AXPS-PC03A-06-VADCPB301,2026-07-06,2167406592,2.02 GiB
RS03AXPS-PC03A-06-VADCPB301,2026-07-13,2165309440,2.02 GiB
RS03AXPS-PC03A-06-VADCPB301,2026-07-20,2165309440,2.02 GiB
RS03AXPS-PC03A-07-CAMDSC302,2026-04-13,23253221376,21.66 GiB
RS03AXPS-PC03A-07-CAMDSC302,2026-04-20,23253221376,21.66 GiB
RS03AXPS-PC03A-07-CAMDSC302,2026-04-27,23253221376,21.66 GiB
RS03AXPS-PC03A-07-CAMDSC302,2026-05-04,23230152704,21.63 GiB
RS03AXPS-PC03A-07-CAMDSC302,2026-05-11,23253221376,21.66 GiB
RS03AXPS-PC03A-07-CAMDSC302,2026-05-18,23253221376,21.66 GiB
RS03AXPS-PC03A-07-CAMDSC302,2026-05-25,23253221376,21.66 GiB
RS03AXPS-PC03A-07-CAMDSC302,2026-06-01,23230152704,21.63 GiB
RS03AXPS-PC03A-07-CAMDSC302,2026-06-08,23253221376,21.66 GiB
RS03AXPS-PC03A-07-CAMDSC302,2026-06-15,23253221376,21.66 GiB
RS03AXPS-PC03A-07-CAMDSC302,2026-06-22,23253221376,21.66 GiB
RS03AXPS-PC03A-07-CAMDSC302,2026-06-29,23253221376,21.66 GiB
RS03AXPS-PC03A-07-CAMDSC302,2026-07-06,23253221376,21.66 GiB
RS03AXPS-PC03A-07-CAMDSC302,2026-07-13,23253221376,21.66 GiB
RS03AXPS-PC03A-07-CAMDSC302,2026-07-20,23253221376,21.66 GiB
RS03AXPS-PC03A-08-HYDBBA303,2026-04-13,60524539749,56.37 GiB
RS03AXPS-PC03A-08-HYDBBA303,2026-04-20,52520497737,48.91 GiB
RS03AXPS-PC03A-08-HYDBBA303,2026-04-27,79993346383,74.5 GiB
RS03AXPS-PC03A-08-HYDBBA303,2026-05-04,72006867282,67.06 GiB
RS03AXPS-PC03A-08-HYDBBA303,2026-05-11,46063524208,42.9 GiB
RS03AXPS-PC03A-08-HYDBBA303,2026-05-18,78205860176,72.83 GiB
RS03AXPS-PC03A-08-HYDBBA303,2026-05-25,77027780949,71.74 GiB
RS03AXPS-PC03A-08-HYDBBA303,2026-06-01,83174201662,77.46 GiB
RS03AXPS-PC03A-08-HYDBBA303,2026-06-08,78922750297,73.5 GiB
RS03AXPS-PC03A-08-HYDBBA303,2026-06-15,53672725363,49.99 GiB
RS03AXPS-PC03A-08-HYDBBA303,2026-06-22,15591905528,14.52 GiB
RS03AXPS-PC03A-08-HYDBBA303,2026-06-29,35213069516,32.79 GiB
RS03AXPS-PC03A-08-HYDBBA303,2026-07-06,48352741785,45.03 GiB
RS03AXPS-PC03A-08-HYDBBA303,2026-07-13,41926262784,39.05 GiB
RS03AXPS-PC03A-08-HYDBBA303,2026-07-20,60841420387,56.66 GiB
RS03AXPS-PC03A-4A-CTDPFA303,2026-04-13,32296138,30.8 MiB
RS03AXPS-PC03A-4A-CTDPFA303,2026-04-20,32296138,30.8 MiB
RS03AXPS-PC03A-4A-CTDPFA303,2026-04-27,32296138,30.8 MiB
RS03AXPS-PC03A-4A-CTDPFA303,2026-05-04,32296138,30.8 MiB
RS03AXPS-PC03A-4A-CTDPFA303,2026-05-11,32296138,30.8 MiB
RS03AXPS-PC03A-4A-CTDPFA303,2026-05-18,32296138,30.8 MiB
RS03AXPS-PC03A-4A-CTDPFA303,2026-05-25,32296138,30.8 MiB
RS03AXPS-PC03A-4A-CTDPFA303,2026-06-01,32296138,30.8 MiB
RS03AXPS-PC03A-4A-CTDPFA303,2026-06-08,32296138,30.8 MiB
RS03AXPS-PC03A-4A-CTDPFA303,2026-06-15,32296138,30.8 MiB
RS03AXPS-PC03A-4A-CTDPFA303,2026-06-22,32296138,30.8 MiB
RS03AXPS-PC03A-4A-CTDPFA303,2026-06-29,32296138,30.8 MiB
RS03AXPS-PC03A-4A-CTDPFA303,2026-07-06,32296138,30.8 MiB
RS03AXPS-PC03A-4A-CTDPFA303,2026-07-13,32296138,30.8 MiB
RS03AXPS-PC03A-4A-CTDPFA303,2026-07-20,32296138,30.8 MiB
RS03AXPS-PC03A-4B-PHSENA302,2026-04-13,186368,182 KiB
RS03AXPS-PC03A-4B-PHSENA302,2026-04-20,186368,182 KiB
RS03AXPS-PC03A-4B-PHSENA302,2026-04-27,186368,182 KiB
RS03AXPS-PC03A-4B-PHSENA302,2026-05-04,186368,182 KiB
RS03AXPS-PC03A-4B-PHSENA302,2026-05-11,186368,182 KiB
RS03AXPS-PC03A-4B-PHSENA302,2026-05-18,186368,182 KiB
RS03AXPS-PC03A-4B-PHSENA302,2026-05-25,186368,182 KiB
RS03AXPS-PC03A-4B-PHSENA302,2026-06-01,186368,182 KiB
RS03AXPS-PC03A-4B-PHSENA302,2026-06-08,186368,182 KiB
RS03AXPS-PC03A-4B-PHSENA302,2026-06-15,186368,182 KiB
RS03AXPS-PC03A-4B-PHSENA302,2026-06-22,186368,182 KiB
RS03AXPS-PC03A-4B-PHSENA302,2026-06-29,186368,182 KiB
RS03AXPS-PC03A-4B-PHSENA302,2026-07-06,186368,182 KiB
RS03AXPS-PC03A-4B-PHSENA302,2026-07-13,186368,182 KiB
RS03AXPS-PC03A-4B-PHSENA302,2026-07-20,186368,182 KiB
RS03AXPS-PC03A-4C-FLORDD303,2026-04-13,38168165,36.4 MiB
RS03AXPS-PC03A-4C-FLORDD303,2026-04-20,38168165,36.4 MiB
RS03AXPS-PC03A-4C-FLORDD303,2026-04-27,38168165,36.4 MiB
RS03AXPS-PC03A-4C-FLORDD303,2026-05-04,38168165,36.4 MiB
RS03AXPS-PC03A-4C-FLORDD303,2026-05-11,38168165,36.4 MiB
RS03AXPS-PC03A-4C-FLORDD303,2026-05-18,38168165,36.4 MiB
RS03AXPS-PC03A-4C-FLORDD303,2026-05-25,38168165,36.4 MiB
RS03AXPS-PC03A-4C-FLORDD303,2026-06-01,38168165,36.4 MiB
RS03AXPS-PC03A-4C-FLORDD303,2026-06-08,38168165,36.4 MiB
RS03AXPS-PC03A-4C-FLORDD303,2026-06-15,38168165,36.4 MiB
RS03AXPS-PC03A-4C-FLORDD303,2026-06-22,38168165,36.4 MiB
RS03AXPS-PC03A-4C-FLORDD303,2026-06-29,38168165,36.4 MiB
RS03AXPS-PC03A-4C-FLORDD303,2026-07-06,37958449,36.2 MiB
RS03AXPS-PC03A-4C-FLORDD303,2026-07-13,38168165,36.4 MiB
RS03AXPS-PC03A-4C-FLORDD303,2026-07-20,38168165,36.4 MiB
RS03AXPS-SF03A-2A-CTDPFA302,2026-04-13,26424111,25.2 MiB
RS03AXPS-SF03A-2A-CTDPFA302,2026-04-20,26424111,25.2 MiB
RS03AXPS-SF03A-2A-CTDPFA302,2026-04-27,26424111,25.2 MiB
RS03AXPS-SF03A-2A-CTDPFA302,2026-05-04,26424111,25.2 MiB
RS03AXPS-SF03A-2A-CTDPFA302,2026-05-11,26424111,25.2 MiB
RS03AXPS-SF03A-2A-CTDPFA302,2026-05-18,26424111,25.2 MiB
RS03AXPS-SF03A-2A-CTDPFA302,2026-05-25,26424111,25.2 MiB
RS03AXPS-SF03A-2A-CTDPFA302,2026-06-01,26424111,25.2 MiB
RS03AXPS-SF03A-2A-CTDPFA302,2026-06-08,26424111,25.2 MiB
RS03AXPS-SF03A-2A-CTDPFA302,2026-06-15,26424111,25.2 MiB
RS03AXPS-SF03A-2A-CTDPFA302,2026-06-22,26424111,25.2 MiB
RS03AXPS-SF03A-2A-CTDPFA302,2026-06-29,26424111,25.2 MiB
RS03AXPS-SF03A-2A-CTDPFA302,2026-07-06,26424111,25.2 MiB
RS03AXPS-SF03A-2A-CTDPFA302,2026-07-13,26424111,25.2 MiB
RS03AXPS-SF03A-2A-CTDPFA302,2026-07-20,26424111,25.2 MiB
RS03AXPS-SF03A-2D-PHSENA301,2026-04-13,222208,217 KiB
RS03AXPS-SF03A-2D-PHSENA301,2026-04-20,222208,217 KiB
RS03AXPS-SF03A-2D-PHSENA301,2026-04-27,222208,217 KiB
RS03AXPS-SF03A-2D-PHSENA301,2026-05-04,222208,217 KiB
RS03AXPS-SF03A-2D-PHSENA301,2026-05-11,219136,214 KiB
RS03AXPS-SF03A-2D-PHSENA301,2026-05-18,217088,212 KiB
RS03AXPS-SF03A-2D-PHSENA301,2026-05-25,210944,206 KiB
RS03AXPS-SF03A-2D-PHSENA301,2026-06-01,211968,207 KiB
RS03AXPS-SF03A-2D-PHSENA301,2026-06-08,215040,210 KiB
RS03AXPS-SF03A-2D-PHSENA301,2026-06-15,215040,210 KiB
RS03AXPS-SF03A-2D-PHSENA301,2026-06-22,211968,207 KiB
RS03AXPS-SF03A-2D-PHSENA301,2026-06-29,207872,203 KiB
RS03AXPS-SF03A-2D-PHSENA301,2026-07-06,215040,210 KiB
RS03AXPS-SF03A-2D-PHSENA301,2026-07-13,207872,203 KiB
RS03AXPS-SF03A-2D-PHSENA301,2026-07-20,218112,213 KiB
RS03AXPS-SF03A-3A-FLORTD301,2026-04-13,38168165,36.4 MiB
RS03AXPS-SF03A-3A-FLORTD301,2026-04-20,38692450,36.9 MiB
RS03AXPS-SF03A-3A-FLORTD301,2026-04-27,38902164,37.1 MiB
RS03AXPS-SF03A-3A-FLORTD301,2026-05-04,38902164,37.1 MiB
RS03AXPS-SF03A-3A-FLORTD301,2026-05-11,38902164,37.1 MiB
RS03AXPS-SF03A-3A-FLORTD301,2026-05-18,38902164,37.1 MiB
RS03AXPS-SF03A-3A-FLORTD301,2026-05-25,38902164,37.1 MiB
RS03AXPS-SF03A-3A-FLORTD301,2026-06-01,38692450,36.9 MiB
RS03AXPS-SF03A-3A-FLORTD301,2026-06-08,38902164,37.1 MiB
RS03AXPS-SF03A-3A-FLORTD301,2026-06-15,38902164,37.1 MiB
RS03AXPS-SF03A-3A-FLORTD301,2026-06-22,39111880,37.3 MiB
RS03AXPS-SF03A-3A-FLORTD301,2026-06-29,38797307,37 MiB
RS03AXPS-SF03A-3A-FLORTD301,2026-07-06,38692450,36.9 MiB
RS03AXPS-SF03A-3A-FLORTD301,2026-07-13,38902164,37.1 MiB
RS03AXPS-SF03A-3A-FLORTD301,2026-07-20,38902164,37.1 MiB
RS03AXPS-SF03A-3B-OPTAAD301,2026-04-13,176160768,168 MiB
RS03AXPS-SF03A-3B-OPTAAD301,2026-04-20,176160768,168 MiB
RS03AXPS-SF03A-3B-OPTAAD301,2026-04-27,176160768,168 MiB
RS03AXPS-SF03A-3B-OPTAAD301,2026-05-04,176160768,168 MiB
RS03AXPS-SF03A-3B-OPTAAD301,2026-05-11,176160768,168 MiB
RS03AXPS-SF03A-3B-OPTAAD301,2026-05-18,176160768,168 MiB
RS03AXPS-SF03A-3B-OPTAAD301,2026-05-25,176160768,168 MiB
RS03AXPS-SF03A-3B-OPTAAD301,2026-06-01,176160768,168 MiB
RS03AXPS-SF03A-3B-OPTAAD301,2026-06-08,176160768,168 MiB
RS03AXPS-SF03A-3B-OPTAAD301,2026-06-15,176160768,168 MiB
RS03AXPS-SF03A-3B-OPTAAD301,2026-06-22,176160768,168 MiB
RS03AXPS-SF03A-3B-OPTAAD301,2026-06-29,176160768,168 MiB
RS03AXPS-SF03A-3B-OPTAAD301,2026-07-06,176160768,168 MiB
RS03AXPS-SF03A-3B-OPTAAD301,2026-07-13,176160768,168 MiB
RS03AXPS-SF03A-3B-OPTAAD301,2026-07-20,176160768,168 MiB
RS03AXPS-SF03A-3C-PARADA301,2026-04-13,73400320,70 MiB
RS03AXPS-SF03A-3C-PARADA301,2026-04-20,73400320,70 MiB
RS03AXPS-SF03A-3C-PARADA301,2026-04-27,73400320,70 MiB
RS03AXPS-SF03A-3C-PARADA301,2026-05-04,73400320,70 MiB
RS03AXPS-SF03A-3C-PARADA301,2026-05-11,73400320,70 MiB
RS03AXPS-SF03A-3C-PARADA301,2026-05-18,73400320,70 MiB
RS03AXPS-SF03A-3C-PARADA301,2026-05-25,73400320,70 MiB
RS03AXPS-SF03A-3C-PARADA301,2026-06-01,73400320,70 MiB
RS03AXPS-SF03A-3C-PARADA301,2026-06-08,73400320,70 MiB
RS03AXPS-SF03A-3C-PARADA301,2026-06-15,73400320,70 MiB
RS03AXPS-SF03A-3C-PARADA301,2026-06-22,73400320,70 MiB
RS03AXPS-SF03A-3C-PARADA301,2026-06-29,73400320,70 MiB
RS03AXPS-SF03A-3C-PARADA301,2026-07-06,73400320,70 MiB
RS03AXPS-SF03A-3C-PARADA301,2026-07-13,73400320,70 MiB
RS03AXPS-SF03A-3C-PARADA301,2026-07-20,73400320,70 MiB
RS03AXPS-SF03A-3D-SPKIRA301,2026-04-13,183500800,175 MiB
RS03AXPS-SF03A-3D-SPKIRA301,2026-04-20,183500800,175 MiB
RS03AXPS-SF03A-3D-SPKIRA301,2026-04-27,183500800,175 MiB
RS03AXPS-SF03A-3D-SPKIRA301,2026-05-04,183500800,175 MiB
RS03AXPS-SF03A-3D-SPKIRA301,2026-05-11,183500800,175 MiB
RS03AXPS-SF03A-3D-SPKIRA301,2026-05-18,183500800,175 MiB
RS03AXPS-SF03A-3D-SPKIRA301,2026-05-25,183500800,175 MiB
RS03AXPS-SF03A-3D-SPKIRA301,2026-06-01,183500800,175 MiB
RS03AXPS-SF03A-3D-SPKIRA301,2026-06-08,183500800,175 MiB
RS03AXPS-SF03A-3D-SPKIRA301,2026-06-15,183500800,175 MiB
RS03AXPS-SF03A-3D-SPKIRA301,2026-06-22,183500800,175 MiB
RS03AXPS-SF03A-3D-SPKIRA301,2026-06-29,183500800,175 MiB
RS03AXPS-SF03A-3D-SPKIRA301,2026-07-06,183500800,175 MiB
RS03AXPS-SF03A-3D-SPKIRA301,2026-07-13,183500800,175 MiB
RS03AXPS-SF03A-3D-SPKIRA301,2026-07-20,183500800,175 MiB
RS03AXPS-SF03A-4A-NUTNRA301,2026-04-13,72561456,69.2 MiB
RS03AXPS-SF03A-4A-NUTNRA301,2026-04-20,70464305,67.2 MiB
RS03AXPS-SF03A-4A-NUTNRA301,2026-04-27,67423434,64.3 MiB
RS03AXPS-SF03A-4A-NUTNRA301,2026-05-04,64592278,61.6 MiB
RS03AXPS-SF03A-4A-NUTNRA301,2026-05-11,60502833,57.7 MiB
RS03AXPS-SF03A-4A-NUTNRA301,2026-05-18,57881392,55.2 MiB
RS03AXPS-SF03A-4A-NUTNRA301,2026-05-25,55679384,53.1 MiB
RS03AXPS-SF03A-4A-NUTNRA301,2026-06-01,53057942,50.6 MiB
RS03AXPS-SF03A-4A-NUTNRA301,2026-06-08,52743369,50.3 MiB
RS03AXPS-SF03A-4A-NUTNRA301,2026-06-15,51065649,48.7 MiB
RS03AXPS-SF03A-4A-NUTNRA301,2026-06-22,49492784,47.2 MiB
RS03AXPS-SF03A-4A-NUTNRA301,2026-06-29,48653923,46.4 MiB
RS03AXPS-SF03A-4A-NUTNRA301,2026-07-06,47710207,45.5 MiB
RS03AXPS-SF03A-4A-NUTNRA301,2026-07-13,46451912,44.3 MiB
RS03AXPS-SF03A-4A-NUTNRA301,2026-07-20,45927625,43.8 MiB
RS03AXPS-SF03A-4B-VELPTD302,2026-04-13,35232148,33.6 MiB
RS03AXPS-SF03A-4B-VELPTD302,2026-04-20,35232148,33.6 MiB
RS03AXPS-SF03A-4B-VELPTD302,2026-04-27,35232148,33.6 MiB
RS03AXPS-SF03A-4B-VELPTD302,2026-05-04,35232148,33.6 MiB
RS03AXPS-SF03A-4B-VELPTD302,2026-05-11,35232148,33.6 MiB
RS03AXPS-SF03A-4B-VELPTD302,2026-05-18,35232148,33.6 MiB
RS03AXPS-SF03A-4B-VELPTD302,2026-05-25,35232148,33.6 MiB
RS03AXPS-SF03A-4B-VELPTD302,2026-06-01,35232148,33.6 MiB
RS03AXPS-SF03A-4B-VELPTD302,2026-06-08,35232148,33.6 MiB
RS03AXPS-SF03A-4B-VELPTD302,2026-06-15,35232148,33.6 MiB
RS03AXPS-SF03A-4B-VELPTD302,2026-06-22,35232148,33.6 MiB
RS03AXPS-SF03A-4B-VELPTD302,2026-06-29,35232148,33.6 MiB
RS03AXPS-SF03A-4B-VELPTD302,2026-07-06,35232148,33.6 MiB
RS03AXPS-SF03A-4B-VELPTD302,2026-07-13,35232148,33.6 MiB
RS03AXPS-SF03A-4B-VELPTD302,2026-07-20,35232148,33.6 MiB
RS03AXPS-SF03A-4F-PCO2WA301,2026-04-13,33276,32.5 KiB
RS03AXPS-SF03A-4F-PCO2WA301,2026-04-20,33174,32.4 KiB
RS03AXPS-SF03A-4F-PCO2WA301,2026-04-27,33072,32.3 KiB
RS03AXPS-SF03A-4F-PCO2WA301,2026-05-04,32970,32.2 KiB
RS03AXPS-SF03A-4F-PCO2WA301,2026-05-11,32970,32.2 KiB
RS03AXPS-SF03A-4F-PCO2WA301,2026-05-18,32252,31.5 KiB
RS03AXPS-SF03A-4F-PCO2WA301,2026-05-25,31435,30.7 KiB
RS03AXPS-SF03A-4F-PCO2WA301,2026-06-01,31742,31 KiB
RS03AXPS-SF03A-4F-PCO2WA301,2026-06-08,31843,31.1 KiB
RS03AXPS-SF03A-4F-PCO2WA301,2026-06-15,31945,31.2 KiB
RS03AXPS-SF03A-4F-PCO2WA301,2026-06-22,31537,30.8 KiB
RS03AXPS-SF03A-4F-PCO2WA301,2026-06-29,31229,30.5 KiB
RS03AXPS-SF03A-4F-PCO2WA301,2026-07-06,32152,31.4 KiB
RS03AXPS-SF03A-4F-PCO2WA301,2026-07-13,31229,30.5 KiB
RS03AXPS-SF03A-4F-PCO2WA301,2026-07-20,32561,31.8 KiB
RS03CCAL-MJ03F-05-BOTPTA301,2026-04-13,117440512,112 MiB
RS03CCAL-MJ03F-05-BOTPTA301,2026-04-20,117440512,112 MiB
RS03CCAL-MJ03F-05-BOTPTA301,2026-04-27,117440512,112 MiB
RS03CCAL-MJ03F-05-BOTPTA301,2026-05-04,117440512,112 MiB
RS03CCAL-MJ03F-05-BOTPTA301,2026-05-11,117440512,112 MiB
RS03CCAL-MJ03F-05-BOTPTA301,2026-05-18,117440512,112 MiB
RS03CCAL-MJ03F-05-BOTPTA301,2026-05-25,117440512,112 MiB
RS03CCAL-MJ03F-05-BOTPTA301,2026-06-01,117440512,112 MiB
RS03CCAL-MJ03F-05-BOTPTA301,2026-06-08,117440512,112 MiB
RS03CCAL-MJ03F-05-BOTPTA301,2026-06-15,117440512,112 MiB
RS03CCAL-MJ03F-05-BOTPTA301,2026-06-22,117440512,112 MiB
RS03CCAL-MJ03F-05-BOTPTA301,2026-06-29,117440512,112 MiB
RS03CCAL-MJ03F-05-BOTPTA301,2026-07-06,117440512,112 MiB
RS03CCAL-MJ03F-05-BOTPTA301,2026-07-13,117440512,112 MiB
RS03CCAL-MJ03F-05-BOTPTA301,2026-07-20,117440512,112 MiB
RS03CCAL-MJ03F-06-HYDLFA305,2026-04-13,0,0 bytes
RS03CCAL-MJ03F-06-HYDLFA305,2026-04-20,0,0 bytes
RS03CCAL-MJ03F-06-HYDLFA305,2026-04-27,0,0 bytes
RS03CCAL-MJ03F-06-HYDLFA305,2026-05-04,0,0 bytes
RS03CCAL-MJ03F-06-HYDLFA305,2026-05-11,0,0 bytes
RS03CCAL-MJ03F-06-HYDLFA305,2026-05-18,0,0 bytes
RS03CCAL-MJ03F-06-HYDLFA305,2026-05-25,0,0 bytes
RS03CCAL-MJ03F-06-HYDLFA305,2026-06-01,0,0 bytes
RS03CCAL-MJ03F-06-HYDLFA305,2026-06-08,0,0 bytes
RS03CCAL-MJ03F-06-HYDLFA305,2026-06-15,0,0 bytes
RS03CCAL-MJ03F-06-HYDLFA305,2026-06-22,0,0 bytes
RS03CCAL-MJ03F-06-HYDLFA305,2026-06-29,0,0 bytes
RS03CCAL-MJ03F-06-HYDLFA305,2026-07-06,0,0 bytes
RS03CCAL-MJ03F-06-HYDLFA305,2026-07-13,0,0 bytes
RS03CCAL-MJ03F-06-HYDLFA305,2026-07-20,0,0 bytes
RS03CCAL-MJ03F-06-OBSBBA301,2026-04-13,0,0 bytes
RS03CCAL-MJ03F-06-OBSBBA301,2026-04-20,0,0 bytes
RS03CCAL-MJ03F-06-OBSBBA301,2026-04-27,0,0 bytes
RS03CCAL-MJ03F-06-OBSBBA301,2026-05-04,0,0 bytes
RS03CCAL-MJ03F-06-OBSBBA301,2026-05-11,0,0 bytes
RS03CCAL-MJ03F-06-OBSBBA301,2026-05-18,0,0 bytes
RS03CCAL-MJ03F-06-OBSBBA301,2026-05-25,0,0 bytes
RS03CCAL-MJ03F-06-OBSBBA301,2026-06-01,0,0 bytes
RS03CCAL-MJ03F-06-OBSBBA301,2026-06-08,0,0 bytes
RS03CCAL-MJ03F-06-OBSBBA301,2026-06-15,0,0 bytes
RS03CCAL-MJ03F-06-OBSBBA301,2026-06-22,0,0 bytes
RS03CCAL-MJ03F-06-OBSBBA301,2026-06-29,0,0 bytes
RS03CCAL-MJ03F-06-OBSBBA301,2026-07-06,0,0 bytes
RS03CCAL-MJ03F-06-OBSBBA301,2026-07-13,0,0 bytes
RS03CCAL-MJ03F-06-OBSBBA301,2026-07-20,0,0 bytes
RS03CCAL-MJ03F-12-CTDPFB305,2026-04-13,23488101,22.4 MiB
RS03CCAL-MJ03F-12-CTDPFB305,2026-04-20,23488101,22.4 MiB
RS03CCAL-MJ03F-12-CTDPFB305,2026-04-27,23802672,22.7 MiB
RS03CCAL-MJ03F-12-CTDPFB305,2026-05-04,23907529,22.8 MiB
RS03CCAL-MJ03F-12-CTDPFB305,2026-05-11,23907529,22.8 MiB
RS03CCAL-MJ03F-12-CTDPFB305,2026-05-18,23802672,22.7 MiB
RS03CCAL-MJ03F-12-CTDPFB305,2026-05-25,23488101,22.4 MiB
RS03CCAL-MJ03F-12-CTDPFB305,2026-06-01,23488101,22.4 MiB
RS03CCAL-MJ03F-12-CTDPFB305,2026-06-08,23488101,22.4 MiB
RS03CCAL-MJ03F-12-CTDPFB305,2026-06-15,23488101,22.4 MiB
RS03CCAL-MJ03F-12-CTDPFB305,2026-06-22,23488101,22.4 MiB
RS03CCAL-MJ03F-12-CTDPFB305,2026-06-29,23488101,22.4 MiB
RS03CCAL-MJ03F-12-CTDPFB305,2026-07-06,23488101,22.4 MiB
RS03CCAL-MJ03F-12-CTDPFB305,2026-07-13,23592958,22.5 MiB
RS03CCAL-MJ03F-12-CTDPFB305,2026-07-20,23697815,22.6 MiB
RS03ECAL-MJ03E-05-OBSSPA303,2026-04-13,0,0 bytes
RS03ECAL-MJ03E-05-OBSSPA303,2026-04-20,0,0 bytes
RS03ECAL-MJ03E-05-OBSSPA303,2026-04-27,0,0 bytes
RS03ECAL-MJ03E-05-OBSSPA303,2026-05-04,0,0 bytes
RS03ECAL-MJ03E-05-OBSSPA303,2026-05-11,0,0 bytes
RS03ECAL-MJ03E-05-OBSSPA303,2026-05-18,0,0 bytes
RS03ECAL-MJ03E-05-OBSSPA303,2026-05-25,0,0 bytes
RS03ECAL-MJ03E-05-OBSSPA303,2026-06-01,0,0 bytes
RS03ECAL-MJ03E-05-OBSSPA303,2026-06-08,0,0 bytes
RS03ECAL-MJ03E-05-OBSSPA303,2026-06-15,0,0 bytes
RS03ECAL-MJ03E-05-OBSSPA303,2026-06-22,0,0 bytes
RS03ECAL-MJ03E-05-OBSSPA303,2026-06-29,0,0 bytes
RS03ECAL-MJ03E-05-OBSSPA303,2026-07-06,0,0 bytes
RS03ECAL-MJ03E-05-OBSSPA303,2026-07-13,0,0 bytes
RS03ECAL-MJ03E-05-OBSSPA303,2026-07-20,0,0 bytes
RS03ECAL-MJ03E-06-BOTPTA302,2026-04-13,748683264,714 MiB
RS03ECAL-MJ03E-06-BOTPTA302,2026-04-20,748683264,714 MiB
RS03ECAL-MJ03E-06-BOTPTA302,2026-04-27,748683264,714 MiB
RS03ECAL-MJ03E-06-BOTPTA302,2026-05-04,748683264,714 MiB
RS03ECAL-MJ03E-06-BOTPTA302,2026-05-11,748683264,714 MiB
RS03ECAL-MJ03E-06-BOTPTA302,2026-05-18,748683264,714 MiB
RS03ECAL-MJ03E-06-BOTPTA302,2026-05-25,748683264,714 MiB
RS03ECAL-MJ03E-06-BOTPTA302,2026-06-01,748683264,714 MiB
RS03ECAL-MJ03E-06-BOTPTA302,2026-06-08,748683264,714 MiB
RS03ECAL-MJ03E-06-BOTPTA302,2026-06-15,748683264,714 MiB
RS03ECAL-MJ03E-06-BOTPTA302,2026-06-22,748683264,714 MiB
RS03ECAL-MJ03E-06-BOTPTA302,2026-06-29,748683264,714 MiB
RS03ECAL-MJ03E-06-BOTPTA302,2026-07-06,748683264,714 MiB
RS03ECAL-MJ03E-06-BOTPTA302,2026-07-13,748683264,714 MiB
RS03ECAL-MJ03E-06-BOTPTA302,2026-07-20,748683264,714 MiB
RS03ECAL-MJ03E-08-OBSSPA304,2026-04-13,0,0 bytes
RS03ECAL-MJ03E-08-OBSSPA304,2026-04-20,0,0 bytes
RS03ECAL-MJ03E-08-OBSSPA304,2026-04-27,0,0 bytes
RS03ECAL-MJ03E-08-OBSSPA304,2026-05-04,0,0 bytes
RS03ECAL-MJ03E-08-OBSSPA304,2026-05-11,0,0 bytes
RS03ECAL-MJ03E-08-OBSSPA304,2026-05-18,0,0 bytes
RS03ECAL-MJ03E-08-OBSSPA304,2026-05-25,0,0 bytes
RS03ECAL-MJ03E-08-OBSSPA304,2026-06-01,0,0 bytes
RS03ECAL-MJ03E-08-OBSSPA304,2026-06-08,0,0 bytes
RS03ECAL-MJ03E-08-OBSSPA304,2026-06-15,0,0 bytes
RS03ECAL-MJ03E-08-OBSSPA304,2026-06-22,0,0 bytes
RS03ECAL-MJ03E-08-OBSSPA304,2026-06-29,0,0 bytes
RS03ECAL-MJ03E-08-OBSSPA304,2026-07-06,0,0 bytes
RS03ECAL-MJ03E-08-OBSSPA304,2026-07-13,0,0 bytes
RS03ECAL-MJ03E-08-OBSSPA304,2026-07-20,0,0 bytes
RS03ECAL-MJ03E-09-HYDLFA304,2026-04-13,0,0 bytes
RS03ECAL-MJ03E-09-HYDLFA304,2026-04-20,0,0 bytes
RS03ECAL-MJ03E-09-HYDLFA304,2026-04-27,0,0 bytes
RS03ECAL-MJ03E-09-HYDLFA304,2026-05-04,0,0 bytes
RS03ECAL-MJ03E-09-HYDLFA304,2026-05-11,0,0 bytes
RS03ECAL-MJ03E-09-HYDLFA304,2026-05-18,0,0 bytes
RS03ECAL-MJ03E-09-HYDLFA304,2026-05-25,0,0 bytes
RS03ECAL-MJ03E-09-HYDLFA304,2026-06-01,0,0 bytes
RS03ECAL-MJ03E-09-HYDLFA304,2026-06-08,0,0 bytes
RS03ECAL-MJ03E-09-HYDLFA304,2026-06-15,0,0 bytes
RS03ECAL-MJ03E-09-HYDLFA304,2026-06-22,0,0 bytes
RS03ECAL-MJ03E-09-HYDLFA304,2026-06-29,0,0 bytes
RS03ECAL-MJ03E-09-HYDLFA304,2026-07-06,0,0 bytes
RS03ECAL-MJ03E-09-HYDLFA304,2026-07-13,0,0 bytes
RS03ECAL-MJ03E-09-HYDLFA304,2026-07-20,0,0 bytes
RS03ECAL-MJ03E-09-OBSBBA302,2026-04-13,0,0 bytes
RS03ECAL-MJ03E-09-OBSBBA302,2026-04-20,0,0 bytes
RS03ECAL-MJ03E-09-OBSBBA302,2026-04-27,0,0 bytes
RS03ECAL-MJ03E-09-OBSBBA302,2026-05-04,0,0 bytes
RS03ECAL-MJ03E-09-OBSBBA302,2026-05-11,0,0 bytes
RS03ECAL-MJ03E-09-OBSBBA302,2026-05-18,0,0 bytes
RS03ECAL-MJ03E-09-OBSBBA302,2026-05-25,0,0 bytes
RS03ECAL-MJ03E-09-OBSBBA302,2026-06-01,0,0 bytes
RS03ECAL-MJ03E-09-OBSBBA302,2026-06-08,0,0 bytes
RS03ECAL-MJ03E-09-OBSBBA302,2026-06-15,0,0 bytes
RS03ECAL-MJ03E-09-OBSBBA302,2026-06-22,0,0 bytes
RS03ECAL-MJ03E-09-OBSBBA302,2026-06-29,0,0 bytes
RS03ECAL-MJ03E-09-OBSBBA302,2026-07-06,0,0 bytes
RS03ECAL-MJ03E-09-OBSBBA302,2026-07-13,0,0 bytes
RS03ECAL-MJ03E-09-OBSBBA302,2026-07-20,0,0 bytes
RS03ECAL-MJ03E-12-CTDPFB306,2026-04-13,24222100,23.1 MiB
RS03ECAL-MJ03E-12-CTDPFB306,2026-04-20,24222100,23.1 MiB
RS03ECAL-MJ03E-12-CTDPFB306,2026-04-27,24222100,23.1 MiB
RS03ECAL-MJ03E-12-CTDPFB306,2026-05-04,24222100,23.1 MiB
RS03ECAL-MJ03E-12-CTDPFB306,2026-05-11,24222100,23.1 MiB
RS03ECAL-MJ03E-12-CTDPFB306,2026-05-18,24222100,23.1 MiB
RS03ECAL-MJ03E-12-CTDPFB306,2026-05-25,24222100,23.1 MiB
RS03ECAL-MJ03E-12-CTDPFB306,2026-06-01,24222100,23.1 MiB
RS03ECAL-MJ03E-12-CTDPFB306,2026-06-08,24222100,23.1 MiB
RS03ECAL-MJ03E-12-CTDPFB306,2026-06-15,24222100,23.1 MiB
RS03ECAL-MJ03E-12-CTDPFB306,2026-06-22,24222100,23.1 MiB
RS03ECAL-MJ03E-12-CTDPFB306,2026-06-29,24222100,23.1 MiB
RS03ECAL-MJ03E-12-CTDPFB306,2026-07-06,24222100,23.1 MiB
RS03ECAL-MJ03E-12-CTDPFB306,2026-07-13,24222100,23.1 MiB
RS03ECAL-MJ03E-12-CTDPFB306,2026-07-20,24222100,23.1 MiB
RS03INT1-MJ03C-05-CAMDSB303,2026-04-13,7676729255,7.15 GiB
RS03INT1-MJ03C-05-CAMDSB303,2026-04-20,7801824437,7.27 GiB
RS03INT1-MJ03C-05-CAMDSB303,2026-04-27,7823005769,7.29 GiB
RS03INT1-MJ03C-05-CAMDSB303,2026-05-04,7792492045,7.26 GiB
RS03INT1-MJ03C-05-CAMDSB303,2026-05-11,7757154919,7.22 GiB
RS03INT1-MJ03C-05-CAMDSB303,2026-05-18,7664251140,7.14 GiB
RS03INT1-MJ03C-05-CAMDSB303,2026-05-25,7656491701,7.13 GiB
RS03INT1-MJ03C-05-CAMDSB303,2026-06-01,7560337484,7.04 GiB
RS03INT1-MJ03C-05-CAMDSB303,2026-06-08,7512836817,7 GiB
RS03INT1-MJ03C-05-CAMDSB303,2026-06-15,7502246209,6.99 GiB
RS03INT1-MJ03C-05-CAMDSB303,2026-06-22,7514619413,7 GiB
RS03INT1-MJ03C-05-CAMDSB303,2026-06-29,7511997981,7 GiB
RS03INT1-MJ03C-05-CAMDSB303,2026-07-06,7588439278,7.07 GiB
RS03INT1-MJ03C-05-CAMDSB303,2026-07-13,7678721432,7.15 GiB
RS03INT1-MJ03C-05-CAMDSB303,2026-07-20,7669179451,7.14 GiB
RS03INT1-MJ03C-07-D1000A301,2026-04-13,21286090,20.3 MiB
RS03INT1-MJ03C-07-D1000A301,2026-04-20,21286090,20.3 MiB
RS03INT1-MJ03C-07-D1000A301,2026-04-27,21356746,20.37 MiB
RS03INT1-MJ03C-07-D1000A301,2026-05-04,21286090,20.3 MiB
RS03INT1-MJ03C-07-D1000A301,2026-05-11,21336061,20.35 MiB
RS03INT1-MJ03C-07-D1000A301,2026-05-18,21286090,20.3 MiB
RS03INT1-MJ03C-07-D1000A301,2026-05-25,21286090,20.3 MiB
RS03INT1-MJ03C-07-D1000A301,2026-06-01,21286090,20.3 MiB
RS03INT1-MJ03C-07-D1000A301,2026-06-08,21286090,20.3 MiB
RS03INT1-MJ03C-07-D1000A301,2026-06-15,21286090,20.3 MiB
RS03INT1-MJ03C-07-D1000A301,2026-06-22,21286090,20.3 MiB
RS03INT1-MJ03C-07-D1000A301,2026-06-29,21286090,20.3 MiB
RS03INT1-MJ03C-07-D1000A301,2026-07-06,21286090,20.3 MiB
RS03INT1-MJ03C-07-D1000A301,2026-07-13,21286090,20.3 MiB
RS03INT1-MJ03C-07-D1000A301,2026-07-20,21286090,20.3 MiB
RS03INT1-MJ03C-09-TRHPHA302,2026-04-13,5889024,5.62 MiB
RS03INT1-MJ03C-09-TRHPHA302,2026-04-20,5892096,5.62 MiB
RS03INT1-MJ03C-09-TRHPHA302,2026-04-27,5904384,5.63 MiB
RS03INT1-MJ03C-09-TRHPHA302,2026-05-04,5908480,5.63 MiB
RS03INT1-MJ03C-09-TRHPHA302,2026-05-11,5932032,5.66 MiB
RS03INT1-MJ03C-09-TRHPHA302,2026-05-18,5918720,5.64 MiB
RS03INT1-MJ03C-09-TRHPHA302,2026-05-25,5903360,5.63 MiB
RS03INT1-MJ03C-09-TRHPHA302,2026-06-01,5899264,5.63 MiB
RS03INT1-MJ03C-09-TRHPHA302,2026-06-08,5923840,5.65 MiB
RS03INT1-MJ03C-09-TRHPHA302,2026-06-15,5921792,5.65 MiB
RS03INT1-MJ03C-09-TRHPHA302,2026-06-22,5912576,5.64 MiB
RS03INT1-MJ03C-09-TRHPHA302,2026-06-29,5911552,5.64 MiB
RS03INT1-MJ03C-09-TRHPHA302,2026-07-06,5923840,5.65 MiB
RS03INT1-MJ03C-09-TRHPHA302,2026-07-13,5912576,5.64 MiB
RS03INT1-MJ03C-09-TRHPHA302,2026-07-20,5922816,5.65 MiB
RS03INT1-MJ03C-10-TRHPHA301,2026-04-13,5924864,5.65 MiB
RS03INT1-MJ03C-10-TRHPHA301,2026-04-20,5924864,5.65 MiB
RS03INT1-MJ03C-10-TRHPHA301,2026-04-27,5925888,5.65 MiB
RS03INT1-MJ03C-10-TRHPHA301,2026-05-04,5926912,5.65 MiB
RS03INT1-MJ03C-10-TRHPHA301,2026-05-11,5931008,5.66 MiB
RS03INT1-MJ03C-10-TRHPHA301,2026-05-18,5931008,5.66 MiB
RS03INT1-MJ03C-10-TRHPHA301,2026-05-25,5931008,5.66 MiB
RS03INT1-MJ03C-10-TRHPHA301,2026-06-01,5929984,5.66 MiB
RS03INT1-MJ03C-10-TRHPHA301,2026-06-08,5924864,5.65 MiB
RS03INT1-MJ03C-10-TRHPHA301,2026-06-15,5926912,5.65 MiB
RS03INT1-MJ03C-10-TRHPHA301,2026-06-22,5925888,5.65 MiB
RS03INT1-MJ03C-10-TRHPHA301,2026-06-29,5926912,5.65 MiB
RS03INT1-MJ03C-10-TRHPHA301,2026-07-06,5925888,5.65 MiB
RS03INT1-MJ03C-10-TRHPHA301,2026-07-13,5927936,5.65 MiB
RS03INT1-MJ03C-10-TRHPHA301,2026-07-20,5929984,5.66 MiB
RS03INT2-MJ03D-05-OBSSPA305,2026-04-13,0,0 bytes
RS03INT2-MJ03D-05-OBSSPA305,2026-04-20,0,0 bytes
RS03INT2-MJ03D-05-OBSSPA305,2026-04-27,0,0 bytes
RS03INT2-MJ03D-05-OBSSPA305,2026-05-04,0,0 bytes
RS03INT2-MJ03D-05-OBSSPA305,2026-05-11,0,0 bytes
RS03INT2-MJ03D-05-OBSSPA305,2026-05-18,0,0 bytes
RS03INT2-MJ03D-05-OBSSPA305,2026-05-25,0,0 bytes
RS03INT2-MJ03D-05-OBSSPA305,2026-06-01,0,0 bytes
RS03INT2-MJ03D-05-OBSSPA305,2026-06-08,0,0 bytes
RS03INT2-MJ03D-05-OBSSPA305,2026-06-15,0,0 bytes
RS03INT2-MJ03D-05-OBSSPA305,2026-06-22,0,0 bytes
RS03INT2-MJ03D-05-OBSSPA305,2026-06-29,0,0 bytes
RS03INT2-MJ03D-05-OBSSPA305,2026-07-06,0,0 bytes
RS03INT2-MJ03D-05-OBSSPA305,2026-07-13,0,0 bytes
RS03INT2-MJ03D-05-OBSSPA305,2026-07-20,0,0 bytes
RS03INT2-MJ03D-06-BOTPTA303,2026-04-13,117440512,112 MiB
RS03INT2-MJ03D-06-BOTPTA303,2026-04-20,117440512,112 MiB
RS03INT2-MJ03D-06-BOTPTA303,2026-04-27,117440512,112 MiB
RS03INT2-MJ03D-06-BOTPTA303,2026-05-04,117440512,112 MiB
RS03INT2-MJ03D-06-BOTPTA303,2026-05-11,117440512,112 MiB
RS03INT2-MJ03D-06-BOTPTA303,2026-05-18,117440512,112 MiB
RS03INT2-MJ03D-06-BOTPTA303,2026-05-25,117440512,112 MiB
RS03INT2-MJ03D-06-BOTPTA303,2026-06-01,117440512,112 MiB
RS03INT2-MJ03D-06-BOTPTA303,2026-06-08,117440512,112 MiB
RS03INT2-MJ03D-06-BOTPTA303,2026-06-15,117440512,112 MiB
RS03INT2-MJ03D-06-BOTPTA303,2026-06-22,117440512,112 MiB
RS03INT2-MJ03D-06-BOTPTA303,2026-06-29,117440512,112 MiB
RS03INT2-MJ03D-06-BOTPTA303,2026-07-06,117440512,112 MiB
RS03INT2-MJ03D-06-BOTPTA303,2026-07-13,117440512,112 MiB
RS03INT2-MJ03D-06-BOTPTA303,2026-07-20,117440512,112 MiB
RS03INT2-MJ03D-11-CTDPFB307,2026-04-13,23488101,22.4 MiB
RS03INT2-MJ03D-11-CTDPFB307,2026-04-20,23488101,22.4 MiB
RS03INT2-MJ03D-11-CTDPFB307,2026-04-27,23488101,22.4 MiB
RS03INT2-MJ03D-11-CTDPFB307,2026-05-04,23488101,22.4 MiB
RS03INT2-MJ03D-11-CTDPFB307,2026-05-11,23488101,22.4 MiB
RS03INT2-MJ03D-11-CTDPFB307,2026-05-18,23488101,22.4 MiB
RS03INT2-MJ03D-11-CTDPFB307,2026-05-25,23488101,22.4 MiB
RS03INT2-MJ03D-11-CTDPFB307,2026-06-01,23488101,22.4 MiB
RS03INT2-MJ03D-11-CTDPFB307,2026-06-08,23488101,22.4 MiB
RS03INT2-MJ03D-11-CTDPFB307,2026-06-15,23488101,22.4 MiB
RS03INT2-MJ03D-11-CTDPFB307,2026-06-22,23488101,22.4 MiB
RS03INT2-MJ03D-11-CTDPFB307,2026-06-29,23488101,22.4 MiB
RS03INT2-MJ03D-11-CTDPFB307,2026-07-06,23488101,22.4 MiB
RS03INT2-MJ03D-11-CTDPFB307,2026-07-13,23488101,22.4 MiB
RS03INT2-MJ03D-11-CTDPFB307,2026-07-20,23488101,22.4 MiB
RS03INT2-MJ03D-12-VEL3DB304,2026-04-13,67528293,64.4 MiB
RS03INT2-MJ03D-12-VEL3DB304,2026-04-20,67528293,64.4 MiB
RS03INT2-MJ03D-12-VEL3DB304,2026-04-27,67528293,64.4 MiB
RS03INT2-MJ03D-12-VEL3DB304,2026-05-04,67528293,64.4 MiB
RS03INT2-MJ03D-12-VEL3DB304,2026-05-11,67528293,64.4 MiB
RS03INT2-MJ03D-12-VEL3DB304,2026-05-18,67528293,64.4 MiB
RS03INT2-MJ03D-12-VEL3DB304,2026-05-25,67528293,64.4 MiB
RS03INT2-MJ03D-12-VEL3DB304,2026-06-01,67528293,64.4 MiB
RS03INT2-MJ03D-12-VEL3DB304,2026-06-08,67528293,64.4 MiB
RS03INT2-MJ03D-12-VEL3DB304,2026-06-15,67528293,64.4 MiB
RS03INT2-MJ03D-12-VEL3DB304,2026-06-22,67528293,64.4 MiB
RS03INT2-MJ03D-12-VEL3DB304,2026-06-29,67528293,64.4 MiB
RS03INT2-MJ03D-12-VEL3DB304,2026-07-06,67528293,64.4 MiB
RS03INT2-MJ03D-12-VEL3DB304,2026-07-13,67528293,64.4 MiB
RS03INT2-MJ03D-12-VEL3DB304,2026-07-20,67528293,64.4 MiB
